image,ALB,BET,DOL,LAG,NoF,OTHER,SHARK,YFT
img_00005.jpg,0.000002,0.000000,0.000000,0.000000,0.999997,0.000000,0.000000,0.000000
img_00007.jpg,0.464694,0.039937,0.003924,0.000339,0.002753,0.014582,0.000642,0.473128
img_00009.jpg,0.980516,0.002270,0.000220,0.000013,0.000002,0.016653,0.000001,0.000324
img_00018.jpg,0.700086,0.029489,0.015014,0.008881,0.002129,0.233968,0.006920,0.003512
img_00027.jpg,0.130088,0.000551,0.000010,0.000000,0.000002,0.868897,0.000000,0.000452
img_00030.jpg,0.279557,0.005079,0.001654,0.000285,0.555828,0.011228,0.078952,0.067416
img_00040.jpg,0.059881,0.001276,0.000398,0.000036,0.000251,0.922451,0.012591,0.003115
img_00046.jpg,0.865271,0.000372,0.000057,0.000101,0.027796,0.000962,0.002952,0.102490
img_00053.jpg,0.998522,0.000023,0.000049,0.000001,0.000020,0.000002,0.000006,0.001376
img_00071.jpg,0.435641,0.008874,0.024059,0.312873,0.200338,0.005874,0.009023,0.003319
img_00075.jpg,0.988725,0.006149,0.000031,0.000015,0.001300,0.002493,0.000186,0.001101
img_00102.jpg,0.901736,0.042210,0.000014,0.000011,0.000190,0.009666,0.000017,0.046157
img_00103.jpg,0.669065,0.003849,0.012863,0.000234,0.019970,0.244234,0.000025,0.049761
img_00109.jpg,0.992741,0.000000,0.000009,0.000008,0.003854,0.000002,0.003382,0.000004
img_00119.jpg,0.000548,0.038255,0.005591,0.000376,0.101180,0.005298,0.007236,0.841518
img_00120.jpg,0.302349,0.022447,0.000376,0.000060,0.000159,0.001997,0.007609,0.665005
img_00125.jpg,0.703494,0.000014,0.042220,0.000322,0.001103,0.001077,0.000003,0.251768
img_00128.jpg,0.000279,0.191830,0.731267,0.000139,0.001328,0.000458,0.000372,0.074326
img_00129.jpg,0.705474,0.052809,0.000217,0.000211,0.000642,0.196279,0.014840,0.029528
img_00133.jpg,0.254365,0.017601,0.004025,0.000538,0.330787,0.077797,0.001571,0.313316
img_00138.jpg,0.654072,0.015045,0.000230,0.000037,0.329663,0.000112,0.000022,0.000820
img_00141.jpg,0.000000,0.000004,0.000004,0.000001,0.000000,0.000001,0.000002,0.999988
img_00152.jpg,0.000233,0.000013,0.000002,0.000001,0.000012,0.000000,0.000000,0.999738
img_00161.jpg,0.000001,0.000005,0.000033,0.000018,0.000003,0.000112,0.000350,0.999479
img_00164.jpg,0.011331,0.000173,0.000456,0.000067,0.900128,0.000397,0.001172,0.086276
img_00170.jpg,0.831555,0.000446,0.001101,0.130897,0.012018,0.009363,0.000154,0.014466
img_00171.jpg,0.075054,0.003594,0.027018,0.000106,0.000106,0.891131,0.002931,0.000060
img_00172.jpg,0.000007,0.000000,0.000000,0.000000,0.999992,0.000000,0.000000,0.000001
img_00175.jpg,0.388785,0.004627,0.006257,0.000202,0.006166,0.582330,0.000948,0.010685
img_00180.jpg,0.292447,0.017637,0.009308,0.004035,0.066683,0.011082,0.009925,0.588883
img_00196.jpg,0.001007,0.054502,0.008416,0.000436,0.739965,0.007720,0.007671,0.180283
img_00212.jpg,0.256698,0.042969,0.000537,0.000227,0.001020,0.505886,0.001978,0.190687
img_00223.jpg,0.872785,0.001606,0.054482,0.000040,0.000087,0.000052,0.000147,0.070802
img_00230.jpg,0.479681,0.445436,0.007466,0.000049,0.000060,0.066129,0.000129,0.001049
img_00232.jpg,0.001108,0.003579,0.000080,0.000039,0.000084,0.002134,0.990593,0.002383
img_00244.jpg,0.991464,0.000558,0.000037,0.000033,0.000746,0.000112,0.000020,0.007031
img_00272.jpg,0.959889,0.013353,0.001968,0.001702,0.003086,0.008200,0.000195,0.011607
img_00280.jpg,0.681098,0.000751,0.002379,0.000426,0.192180,0.017998,0.000122,0.105047
img_00282.jpg,0.090205,0.002564,0.003206,0.000160,0.000393,0.900154,0.003094,0.000225
img_00285.jpg,0.986165,0.003341,0.000270,0.000021,0.000199,0.000408,0.000572,0.009024
img_00289.jpg,0.892935,0.000004,0.000027,0.000065,0.106640,0.000211,0.000110,0.000009
img_00292.jpg,0.987241,0.000461,0.000067,0.000016,0.000365,0.008165,0.001437,0.002248
img_00302.jpg,0.232610,0.012944,0.000871,0.000088,0.004722,0.687520,0.010111,0.051133
img_00311.jpg,0.999655,0.000037,0.000002,0.000001,0.000173,0.000069,0.000027,0.000036
img_00320.jpg,0.999865,0.000014,0.000004,0.000000,0.000030,0.000002,0.000000,0.000084
img_00331.jpg,0.736724,0.004200,0.000696,0.000051,0.017615,0.007353,0.000332,0.233029
img_00358.jpg,0.898407,0.000692,0.000000,0.000000,0.000000,0.000004,0.000001,0.100895
img_00374.jpg,0.659951,0.000944,0.000527,0.000387,0.000122,0.000741,0.000003,0.337324
img_00375.jpg,0.027878,0.055622,0.887182,0.001932,0.002196,0.018300,0.003218,0.003670
img_00376.jpg,0.923485,0.009753,0.000894,0.000121,0.002373,0.053355,0.000766,0.009253
img_00380.jpg,0.999101,0.000268,0.000420,0.000013,0.000043,0.000077,0.000001,0.000077
img_00383.jpg,0.995046,0.003567,0.000015,0.000003,0.000737,0.000546,0.000025,0.000061
img_00398.jpg,0.889762,0.050673,0.000231,0.000127,0.008930,0.014640,0.003632,0.032006
img_00407.jpg,0.642906,0.219988,0.127113,0.001684,0.003520,0.002570,0.000495,0.001725
img_00417.jpg,0.273445,0.008720,0.000480,0.000281,0.000569,0.556310,0.004210,0.155985
img_00432.jpg,0.422359,0.010296,0.008122,0.000117,0.284352,0.270885,0.000257,0.003612
img_00442.jpg,0.000029,0.000032,0.000011,0.000002,0.000001,0.000028,0.000007,0.999890
img_00446.jpg,0.691997,0.002662,0.000094,0.000070,0.003470,0.001279,0.100159,0.200270
img_00469.jpg,0.996260,0.000087,0.000338,0.000094,0.000224,0.001718,0.000602,0.000678
img_00473.jpg,0.990918,0.000100,0.000531,0.000068,0.001761,0.000390,0.006137,0.000096
img_00483.jpg,0.985128,0.000222,0.000064,0.000011,0.001066,0.000002,0.001353,0.012155
img_00484.jpg,0.450192,0.003233,0.001525,0.000266,0.002177,0.000603,0.000765,0.541240
img_00486.jpg,0.895649,0.021253,0.080075,0.000083,0.000238,0.000056,0.000315,0.002331
img_00487.jpg,0.000000,0.000000,0.000000,0.000000,1.000000,0.000000,0.000000,0.000000
img_00493.jpg,0.058550,0.000466,0.001188,0.000041,0.934837,0.000080,0.000125,0.004712
img_00518.jpg,0.977447,0.000005,0.000066,0.000085,0.013480,0.008113,0.000336,0.000469
img_00533.jpg,0.779845,0.118168,0.000075,0.000023,0.038552,0.000872,0.000004,0.062461
img_00538.jpg,0.992755,0.004952,0.000090,0.000022,0.000005,0.001481,0.000009,0.000686
img_00543.jpg,0.999868,0.000071,0.000002,0.000000,0.000019,0.000030,0.000004,0.000006
img_00550.jpg,0.577105,0.023528,0.067885,0.000036,0.319406,0.010774,0.000027,0.001240
img_00551.jpg,0.994473,0.000045,0.000066,0.000203,0.004817,0.000372,0.000004,0.000019
img_00564.jpg,0.000010,0.000068,0.000000,0.000000,0.999548,0.000003,0.000001,0.000369
img_00575.jpg,0.009862,0.002193,0.000052,0.000030,0.000593,0.010896,0.119226,0.857148
img_00582.jpg,0.872132,0.056489,0.000772,0.000175,0.001909,0.063248,0.002661,0.002614
img_00584.jpg,0.967658,0.002511,0.000269,0.000086,0.028392,0.000093,0.000159,0.000830
img_00587.jpg,0.953259,0.014999,0.000001,0.000001,0.000001,0.000262,0.000000,0.031477
img_00590.jpg,0.146635,0.190000,0.000136,0.000084,0.000210,0.000664,0.000089,0.662181
img_00591.jpg,0.589937,0.001261,0.000397,0.000019,0.000077,0.001313,0.000137,0.406858
img_00598.jpg,0.942156,0.041491,0.000321,0.000114,0.000025,0.000063,0.000001,0.015829
img_00599.jpg,0.931769,0.014068,0.001395,0.000065,0.018976,0.005699,0.000328,0.027700
img_00612.jpg,0.991300,0.000203,0.000076,0.000023,0.000268,0.002437,0.004308,0.001385
img_00618.jpg,0.739000,0.000003,0.000015,0.000032,0.260850,0.000046,0.000031,0.000025
img_00620.jpg,0.982521,0.000204,0.001745,0.000098,0.000170,0.000524,0.000017,0.014720
img_00642.jpg,0.032806,0.001324,0.004290,0.604655,0.002838,0.053882,0.000147,0.300059
img_00646.jpg,0.000703,0.000276,0.181797,0.000019,0.000008,0.000021,0.000001,0.817176
img_00648.jpg,0.999804,0.000053,0.000004,0.000001,0.000047,0.000085,0.000002,0.000005
img_00650.jpg,0.991292,0.000017,0.000011,0.000007,0.004789,0.003073,0.000752,0.000059
img_00654.jpg,0.711826,0.001105,0.042504,0.000774,0.002906,0.002918,0.095912,0.142054
img_00664.jpg,0.986330,0.000016,0.000007,0.000005,0.013592,0.000004,0.000019,0.000028
img_00667.jpg,0.000977,0.083947,0.007023,0.000504,0.215623,0.008644,0.009546,0.673735
img_00676.jpg,0.000669,0.035991,0.003026,0.000292,0.054459,0.001219,0.000662,0.903681
img_00697.jpg,0.000002,0.000010,0.000018,0.000001,0.000001,0.000020,0.000013,0.999935
img_00708.jpg,0.805219,0.097946,0.000287,0.000077,0.000568,0.033966,0.059811,0.002125
img_00716.jpg,0.124257,0.016721,0.005954,0.000994,0.000363,0.066811,0.002410,0.782490
img_00717.jpg,0.954948,0.004270,0.000276,0.000836,0.003887,0.022588,0.010241,0.002954
img_00718.jpg,0.986644,0.000439,0.000355,0.000194,0.007631,0.004465,0.000092,0.000179
img_00723.jpg,0.000201,0.000003,0.000002,0.000002,0.999644,0.000006,0.000003,0.000139
img_00724.jpg,0.455320,0.029634,0.006793,0.000112,0.021772,0.007846,0.002742,0.475780
img_00726.jpg,0.794657,0.000005,0.000007,0.000007,0.000789,0.000222,0.000042,0.204271
img_00729.jpg,0.723992,0.000032,0.000101,0.000169,0.267251,0.007532,0.000593,0.000330
img_00730.jpg,0.002846,0.000686,0.000029,0.000012,0.000009,0.000294,0.000016,0.996109
img_00757.jpg,0.854879,0.000758,0.015529,0.016664,0.106222,0.003830,0.000033,0.002087
img_00760.jpg,0.118070,0.000206,0.000821,0.444590,0.079148,0.257025,0.000024,0.100114
img_00763.jpg,0.002255,0.007527,0.000684,0.000302,0.582534,0.003311,0.000131,0.403256
img_00764.jpg,0.020750,0.063180,0.572790,0.000355,0.004213,0.012366,0.014627,0.311719
img_00765.jpg,0.007779,0.089998,0.002212,0.041806,0.000686,0.564113,0.139819,0.153587
img_00772.jpg,0.000833,0.009319,0.734249,0.000121,0.000429,0.000198,0.000009,0.254842
img_00773.jpg,0.580539,0.011834,0.402632,0.000424,0.002417,0.001371,0.000113,0.000670
img_00777.jpg,0.999381,0.000184,0.000022,0.000012,0.000072,0.000178,0.000115,0.000037
img_00780.jpg,0.050746,0.010540,0.124008,0.001144,0.000638,0.018057,0.000165,0.794701
img_00798.jpg,0.624919,0.254973,0.000436,0.000024,0.000057,0.001319,0.000310,0.117962
img_00808.jpg,0.981284,0.010737,0.000234,0.000004,0.000003,0.000383,0.000037,0.007317
img_00816.jpg,0.909577,0.037847,0.000207,0.000125,0.048569,0.000101,0.000029,0.003543
img_00828.jpg,0.000286,0.001076,0.000278,0.000027,0.995986,0.000112,0.000090,0.002145
img_00833.jpg,0.910917,0.070770,0.000011,0.000013,0.000205,0.014716,0.000381,0.002987
img_00837.jpg,0.980830,0.000868,0.000511,0.000119,0.013290,0.002251,0.000001,0.002130
img_00855.jpg,0.815763,0.000004,0.000007,0.000057,0.000021,0.000000,0.000000,0.184148
img_00857.jpg,0.999584,0.000051,0.000004,0.000001,0.000130,0.000004,0.000000,0.000225
img_00858.jpg,0.753713,0.174347,0.000193,0.000067,0.002417,0.009335,0.001831,0.058097
img_00865.jpg,0.996095,0.003335,0.000276,0.000063,0.000036,0.000161,0.000002,0.000031
img_00876.jpg,0.002079,0.021237,0.002903,0.000341,0.588921,0.002550,0.000718,0.381250
img_00889.jpg,0.007288,0.001224,0.146086,0.004702,0.004339,0.025556,0.000024,0.810781
img_00894.jpg,0.753410,0.000237,0.003108,0.000313,0.219373,0.000304,0.000007,0.023247
img_00902.jpg,0.001181,0.002671,0.000147,0.000067,0.000226,0.001270,0.991557,0.002881
img_00914.jpg,0.019511,0.061972,0.019508,0.000402,0.087334,0.002753,0.001047,0.807472
img_00921.jpg,0.597058,0.004808,0.000446,0.000072,0.006477,0.295843,0.000663,0.094633
img_00927.jpg,0.244016,0.074187,0.000016,0.000051,0.000273,0.000103,0.000017,0.681337
img_00943.jpg,0.995718,0.001723,0.000224,0.000015,0.000244,0.000026,0.001475,0.000576
img_00948.jpg,0.051839,0.000068,0.000745,0.000032,0.941880,0.000412,0.000008,0.005015
img_00950.jpg,0.053263,0.000059,0.000001,0.000000,0.946664,0.000000,0.000000,0.000012
img_00959.jpg,0.992190,0.000124,0.000151,0.000010,0.000320,0.005793,0.000034,0.001378
img_00962.jpg,0.061180,0.307516,0.002429,0.000031,0.000466,0.000532,0.000003,0.627843
img_00964.jpg,0.000000,0.000000,1.000000,0.000000,0.000000,0.000000,0.000000,0.000000
img_00966.jpg,0.967016,0.010150,0.006524,0.000266,0.000692,0.001704,0.006527,0.007121
img_00974.jpg,0.906759,0.012445,0.000208,0.000748,0.000155,0.059563,0.005546,0.014577
img_00979.jpg,0.183200,0.000318,0.000285,0.000021,0.154123,0.000001,0.000000,0.662051
img_00982.jpg,0.375811,0.247126,0.000668,0.000087,0.050531,0.006471,0.000086,0.319220
img_00985.jpg,0.869053,0.001532,0.000042,0.000030,0.004495,0.080907,0.000569,0.043372
img_00999.jpg,0.524850,0.002624,0.000003,0.000010,0.000003,0.000010,0.000007,0.472493
img_01022.jpg,0.980951,0.000038,0.000246,0.000230,0.006837,0.008757,0.000426,0.002514
img_01031.jpg,0.993089,0.001096,0.000475,0.000064,0.001397,0.001586,0.000079,0.002213
img_01035.jpg,0.998661,0.000209,0.000151,0.000028,0.000188,0.000484,0.000090,0.000188
img_01043.jpg,0.000312,0.000175,0.000025,0.000001,0.999480,0.000006,0.000000,0.000000
img_01058.jpg,0.974449,0.007171,0.000063,0.000010,0.005539,0.000102,0.000083,0.012585
img_01059.jpg,0.388271,0.055777,0.000198,0.000132,0.004269,0.262443,0.012760,0.276148
img_01090.jpg,0.274156,0.126345,0.001424,0.001012,0.377192,0.000152,0.000074,0.219646
img_01102.jpg,0.206933,0.484554,0.091425,0.004109,0.014802,0.006957,0.000349,0.190870
img_01103.jpg,0.004944,0.876541,0.004175,0.000491,0.000253,0.000007,0.000051,0.113537
img_01116.jpg,0.997846,0.001792,0.000002,0.000000,0.000004,0.000005,0.000041,0.000310
img_01134.jpg,0.484706,0.000034,0.000093,0.000112,0.000655,0.514194,0.000060,0.000145
img_01142.jpg,0.999415,0.000009,0.000116,0.000001,0.000030,0.000002,0.000001,0.000426
img_01168.jpg,0.140039,0.089898,0.004679,0.001568,0.055029,0.626034,0.069414,0.013339
img_01171.jpg,0.000678,0.008852,0.000306,0.000192,0.273855,0.000384,0.000084,0.715649
img_01177.jpg,0.995994,0.000034,0.000253,0.000012,0.000226,0.000192,0.000003,0.003286
img_01179.jpg,0.547350,0.000387,0.000638,0.001128,0.395512,0.050764,0.000041,0.004181
img_01188.jpg,0.006721,0.172938,0.000524,0.001999,0.000119,0.580738,0.227635,0.009326
img_01198.jpg,0.714364,0.000687,0.000030,0.000060,0.062084,0.000044,0.000349,0.222383
img_01204.jpg,0.002598,0.045267,0.019445,0.000948,0.308282,0.007683,0.030532,0.585247
img_01208.jpg,0.060857,0.001533,0.000464,0.000021,0.935278,0.000010,0.000106,0.001731
img_01211.jpg,0.991868,0.002832,0.000057,0.000008,0.000410,0.002743,0.000029,0.002053
img_01213.jpg,0.493487,0.068848,0.018045,0.000417,0.004497,0.250191,0.000055,0.164460
img_01222.jpg,0.874893,0.005230,0.000747,0.002245,0.000511,0.000038,0.000002,0.116334
img_01224.jpg,0.127169,0.005548,0.001498,0.000204,0.404144,0.000071,0.000023,0.461342
img_01237.jpg,0.365638,0.046456,0.000708,0.000723,0.431596,0.026792,0.075609,0.052477
img_01249.jpg,0.641215,0.039018,0.037757,0.004144,0.258476,0.008117,0.000288,0.010985
img_01253.jpg,0.000035,0.000402,0.000087,0.000010,0.000392,0.000246,0.000071,0.998756
img_01286.jpg,0.180568,0.297269,0.001564,0.000339,0.054951,0.041672,0.008558,0.415079
img_01289.jpg,0.345532,0.039920,0.000093,0.000044,0.001295,0.357350,0.003472,0.252296
img_01325.jpg,0.167979,0.774842,0.004211,0.001537,0.035933,0.004158,0.005163,0.006176
img_01328.jpg,0.681017,0.065111,0.004439,0.000315,0.012235,0.177640,0.000039,0.059204
img_01366.jpg,0.531611,0.003692,0.001329,0.000126,0.007338,0.453624,0.001136,0.001144
img_01371.jpg,0.996192,0.000003,0.000020,0.000001,0.000144,0.000001,0.000001,0.003639
img_01373.jpg,0.879581,0.014574,0.001353,0.000318,0.087856,0.014439,0.000049,0.001830
img_01377.jpg,0.367044,0.003797,0.023544,0.000329,0.604410,0.000137,0.000018,0.000721
img_01379.jpg,0.995826,0.000028,0.001076,0.000070,0.000665,0.002257,0.000013,0.000064
img_01384.jpg,0.832101,0.018253,0.037502,0.000074,0.093247,0.011888,0.000107,0.006828
img_01388.jpg,0.751489,0.007977,0.000804,0.000027,0.029227,0.203905,0.000157,0.006414
img_01392.jpg,0.000008,0.303116,0.691627,0.000017,0.000292,0.000069,0.000011,0.004861
img_01399.jpg,0.000013,0.986978,0.000591,0.000004,0.000025,0.000133,0.000020,0.012235
img_01404.jpg,0.909490,0.022936,0.001583,0.059106,0.000532,0.005908,0.000102,0.000344
img_01405.jpg,0.992854,0.002122,0.000328,0.000047,0.000034,0.004335,0.000039,0.000243
img_01413.jpg,0.782441,0.001504,0.006113,0.000750,0.147110,0.055377,0.000183,0.006522
img_01426.jpg,0.079821,0.824987,0.000134,0.000027,0.000078,0.003242,0.075097,0.016616
img_01431.jpg,0.136968,0.000227,0.002072,0.720493,0.007625,0.131873,0.000663,0.000080
img_01441.jpg,0.000000,0.000007,0.000006,0.000001,0.000001,0.000068,0.000078,0.999839
img_01444.jpg,0.126446,0.017766,0.000074,0.000033,0.000052,0.006894,0.000036,0.848698
img_01490.jpg,0.000001,0.000200,0.997414,0.000002,0.000007,0.000108,0.000000,0.002266
img_01495.jpg,0.992702,0.000025,0.000142,0.000008,0.000028,0.000210,0.000002,0.006883
img_01505.jpg,0.000268,0.049713,0.005061,0.000177,0.437616,0.003041,0.000794,0.503330
img_01511.jpg,0.989228,0.000789,0.006911,0.000453,0.002110,0.000424,0.000032,0.000054
img_01519.jpg,0.992064,0.002173,0.000053,0.000139,0.000290,0.002100,0.002975,0.000206
img_01530.jpg,0.834545,0.000077,0.001322,0.000278,0.161394,0.000335,0.000001,0.002049
img_01537.jpg,0.897176,0.000130,0.000195,0.000010,0.002039,0.000049,0.000001,0.100399
img_01538.jpg,0.144150,0.000011,0.000000,0.000000,0.000002,0.855836,0.000000,0.000000
img_01541.jpg,0.001464,0.003828,0.001453,0.000132,0.926592,0.000242,0.000355,0.065933
img_01543.jpg,0.848298,0.023419,0.003329,0.000090,0.123525,0.000476,0.000149,0.000714
img_01548.jpg,0.995164,0.000021,0.000023,0.000003,0.004652,0.000010,0.000000,0.000126
img_01552.jpg,0.999930,0.000005,0.000002,0.000000,0.000003,0.000060,0.000000,0.000000
img_01561.jpg,0.000013,0.000019,0.000000,0.000000,0.999918,0.000000,0.000000,0.000049
img_01562.jpg,0.516642,0.070100,0.000147,0.000012,0.000103,0.005281,0.004397,0.403318
img_01571.jpg,0.998371,0.000191,0.000043,0.000007,0.000064,0.000009,0.001293,0.000022
img_01593.jpg,0.995177,0.002074,0.000011,0.000007,0.000216,0.000887,0.000004,0.001625
img_01595.jpg,0.000020,0.000000,0.000000,0.000000,0.999979,0.000000,0.000000,0.000000
img_01616.jpg,0.862413,0.027958,0.000029,0.000018,0.000392,0.000314,0.000743,0.108132
img_01618.jpg,0.988006,0.002050,0.000769,0.000064,0.004277,0.001914,0.000011,0.002908
img_01627.jpg,0.898176,0.096705,0.000780,0.000036,0.000004,0.003941,0.000349,0.000010
img_01632.jpg,0.921921,0.002399,0.000191,0.000272,0.068924,0.000665,0.000033,0.005596
img_01633.jpg,0.789653,0.000108,0.000056,0.000037,0.003653,0.184540,0.017359,0.004593
img_01640.jpg,0.999898,0.000042,0.000001,0.000000,0.000027,0.000026,0.000002,0.000004
img_01646.jpg,0.877428,0.121606,0.000028,0.000007,0.000069,0.000573,0.000018,0.000270
img_01647.jpg,0.064968,0.000163,0.000435,0.000125,0.929482,0.000108,0.000733,0.003985
img_01649.jpg,0.856614,0.005228,0.002389,0.001196,0.005947,0.006598,0.000286,0.121742
img_01657.jpg,0.000066,0.052176,0.851621,0.000124,0.000232,0.000077,0.000153,0.095551
img_01669.jpg,0.235401,0.000094,0.002180,0.603458,0.013963,0.144396,0.000275,0.000233
img_01673.jpg,0.951155,0.036612,0.000029,0.000029,0.001696,0.000958,0.007262,0.002260
img_01681.jpg,0.227694,0.056903,0.035065,0.000775,0.010337,0.059379,0.017198,0.592649
img_01684.jpg,0.878476,0.025665,0.001616,0.000054,0.000988,0.005481,0.000240,0.087480
img_01685.jpg,0.918654,0.009997,0.001070,0.000060,0.019876,0.045497,0.000039,0.004808
img_01687.jpg,0.976797,0.001740,0.000029,0.000004,0.000013,0.000109,0.000020,0.021288
img_01688.jpg,0.348530,0.010206,0.000121,0.000055,0.004204,0.179928,0.012245,0.444712
img_01689.jpg,0.031102,0.004979,0.091273,0.000643,0.003309,0.011494,0.000049,0.857151
img_01716.jpg,0.000246,0.000133,0.000080,0.000014,0.998109,0.000027,0.000068,0.001323
img_01717.jpg,0.099469,0.000057,0.000005,0.000007,0.897808,0.000671,0.000158,0.001825
img_01724.jpg,0.997044,0.000043,0.000434,0.000013,0.000843,0.000371,0.000000,0.001251
img_01745.jpg,0.733510,0.002806,0.199632,0.004137,0.006937,0.049437,0.001832,0.001708
img_01771.jpg,0.966255,0.000503,0.013815,0.000112,0.000209,0.008663,0.000014,0.010430
img_01773.jpg,0.476225,0.007489,0.001080,0.000323,0.026150,0.002428,0.008220,0.478086
img_01781.jpg,0.540546,0.009766,0.014526,0.056070,0.244924,0.097487,0.003122,0.033559
img_01782.jpg,0.000107,0.000003,0.000005,0.000000,0.999862,0.000006,0.000005,0.000012
img_01802.jpg,0.397992,0.544008,0.000262,0.000385,0.002304,0.012888,0.000913,0.041247
img_01803.jpg,0.000000,0.000172,0.997579,0.000000,0.000001,0.000000,0.000000,0.002246
img_01824.jpg,0.935555,0.000034,0.000068,0.000041,0.000429,0.048810,0.014557,0.000506
img_01825.jpg,0.001107,0.997789,0.000019,0.000012,0.000294,0.000016,0.000377,0.000386
img_01831.jpg,0.570350,0.000548,0.002023,0.373293,0.014229,0.022078,0.001425,0.016054
img_01834.jpg,0.201987,0.004413,0.002047,0.000241,0.097690,0.000351,0.000056,0.693216
img_01847.jpg,0.678486,0.009207,0.000012,0.000010,0.000308,0.006498,0.000929,0.304551
img_01853.jpg,0.148538,0.174791,0.000022,0.000049,0.000407,0.000456,0.000035,0.675702
img_01856.jpg,0.997242,0.000777,0.000343,0.000014,0.000080,0.001276,0.000101,0.000167
img_01860.jpg,0.982975,0.005372,0.000488,0.000105,0.000219,0.004288,0.006292,0.000261
img_01862.jpg,0.999335,0.000016,0.000062,0.000011,0.000304,0.000064,0.000000,0.000207
img_01874.jpg,0.240113,0.015109,0.003220,0.000256,0.156791,0.401790,0.007302,0.175420
img_01888.jpg,0.007378,0.194891,0.001015,0.011354,0.000105,0.745824,0.035921,0.003513
img_01918.jpg,0.403557,0.000854,0.011231,0.431962,0.021082,0.012769,0.003829,0.114716
img_01930.jpg,0.991087,0.002408,0.001533,0.000053,0.000335,0.003250,0.000008,0.001324
img_01932.jpg,0.983006,0.000046,0.003617,0.000169,0.000936,0.008338,0.000616,0.003272
img_01955.jpg,0.000003,0.000010,0.000017,0.000389,0.000002,0.000039,0.028050,0.971491
img_01963.jpg,0.962449,0.000019,0.000167,0.000033,0.002932,0.000030,0.001691,0.032679
img_01966.jpg,0.926804,0.045880,0.000215,0.000014,0.000322,0.001547,0.000766,0.024452
img_01976.jpg,0.991081,0.003772,0.000020,0.000002,0.000778,0.000129,0.000003,0.004215
img_01983.jpg,0.277140,0.001433,0.000182,0.000068,0.717892,0.001677,0.000036,0.001572
img_01984.jpg,0.232143,0.149429,0.000023,0.000001,0.000010,0.000006,0.000016,0.618373
img_01995.jpg,0.106105,0.164460,0.002180,0.009365,0.002996,0.590836,0.003417,0.120641
img_01996.jpg,0.219444,0.000735,0.000584,0.000198,0.114177,0.560642,0.020813,0.083407
img_02001.jpg,0.857626,0.063732,0.000806,0.000226,0.009553,0.050923,0.001468,0.015666
img_02006.jpg,0.414298,0.006600,0.389024,0.001861,0.000243,0.002582,0.000090,0.185303
img_02066.jpg,0.995668,0.000049,0.000223,0.000011,0.000120,0.001059,0.000001,0.002868
img_02074.jpg,0.923908,0.059859,0.006593,0.000671,0.005517,0.000160,0.000011,0.003280
img_02076.jpg,0.295207,0.554658,0.001174,0.000593,0.038148,0.000352,0.000287,0.109582
img_02077.jpg,0.716922,0.001763,0.010298,0.156903,0.001171,0.109891,0.000114,0.002938
img_02078.jpg,0.000012,0.000009,0.016243,0.000001,0.980180,0.000000,0.000000,0.003554
img_02082.jpg,0.293725,0.011805,0.115614,0.000331,0.236997,0.001130,0.037199,0.303198
img_02083.jpg,0.130595,0.021453,0.001621,0.000342,0.695423,0.135049,0.003485,0.012032
img_02096.jpg,0.597511,0.000052,0.000004,0.000009,0.000630,0.000136,0.000212,0.401446
img_02119.jpg,0.930793,0.000599,0.028511,0.000018,0.001228,0.000030,0.000019,0.038802
img_02124.jpg,0.047224,0.000041,0.000014,0.000016,0.102332,0.828103,0.022147,0.000123
img_02135.jpg,0.121678,0.085009,0.000079,0.000274,0.755810,0.001656,0.032198,0.003295
img_02146.jpg,0.571264,0.000094,0.000033,0.000017,0.128397,0.000051,0.000007,0.300136
img_02159.jpg,0.135465,0.043052,0.010897,0.001292,0.807923,0.000102,0.000117,0.001154
img_02172.jpg,0.989734,0.000242,0.001253,0.000049,0.001377,0.002546,0.000006,0.004793
img_02180.jpg,0.408746,0.001276,0.000917,0.000212,0.004267,0.479071,0.068581,0.036931
img_02188.jpg,0.374654,0.006143,0.000040,0.000046,0.000030,0.010022,0.000645,0.608420
img_02194.jpg,0.931702,0.000000,0.000001,0.000010,0.068282,0.000004,0.000000,0.000000
img_02209.jpg,0.254429,0.000108,0.000052,0.000064,0.037247,0.678502,0.021817,0.007782
img_02216.jpg,0.258166,0.114875,0.012248,0.000805,0.026907,0.152987,0.025251,0.408762
img_02231.jpg,0.518738,0.003111,0.009966,0.076274,0.047998,0.119492,0.123217,0.101204
img_02235.jpg,0.001695,0.014413,0.000779,0.007097,0.000575,0.925046,0.001951,0.048445
img_02252.jpg,0.975831,0.000008,0.000057,0.000034,0.020544,0.000007,0.003483,0.000038
img_02268.jpg,0.985487,0.004295,0.003269,0.000295,0.000272,0.006277,0.000022,0.000083
img_02270.jpg,0.897586,0.000002,0.000033,0.000005,0.001671,0.000013,0.000027,0.100663
img_02281.jpg,0.098803,0.038318,0.004881,0.719957,0.007107,0.078245,0.006251,0.046438
img_02282.jpg,0.000928,0.000017,0.026069,0.000002,0.000300,0.257623,0.000204,0.714858
img_02285.jpg,0.860237,0.000023,0.000170,0.000351,0.128606,0.007366,0.002813,0.000434
img_02291.jpg,0.999212,0.000010,0.000004,0.000001,0.000151,0.000059,0.000000,0.000562
img_02299.jpg,0.966176,0.005447,0.000365,0.000809,0.000192,0.000636,0.000013,0.026362
img_02305.jpg,0.000020,0.050402,0.000054,0.001751,0.000054,0.861328,0.000898,0.085493
img_02307.jpg,0.849656,0.009377,0.000227,0.000054,0.003116,0.013860,0.000470,0.123241
img_02309.jpg,0.999316,0.000040,0.000005,0.000001,0.000047,0.000552,0.000023,0.000016
img_02318.jpg,0.047667,0.075412,0.016278,0.001084,0.050064,0.323659,0.006813,0.479022
img_02347.jpg,0.632080,0.000898,0.000033,0.000024,0.045020,0.000093,0.000019,0.321833
img_02356.jpg,0.102350,0.013015,0.001885,0.026839,0.025713,0.004673,0.010726,0.814799
img_02367.jpg,0.855259,0.000987,0.000026,0.000091,0.000362,0.000003,0.000075,0.143197
img_02372.jpg,0.000285,0.000033,0.000002,0.000003,0.998157,0.000024,0.000006,0.001490
img_02379.jpg,0.993232,0.000701,0.002193,0.000160,0.000351,0.002249,0.000050,0.001064
img_02384.jpg,0.076160,0.000763,0.000093,0.000035,0.000254,0.021200,0.016380,0.885115
img_02398.jpg,0.602068,0.036623,0.188920,0.004570,0.005315,0.119818,0.005472,0.037215
img_02400.jpg,0.990748,0.000200,0.006054,0.000066,0.000714,0.001373,0.000006,0.000839
img_02406.jpg,0.127405,0.001580,0.024168,0.579901,0.000693,0.263426,0.000157,0.002670
img_02412.jpg,0.855834,0.054277,0.000240,0.000065,0.001004,0.045354,0.001403,0.041824
img_02416.jpg,0.149713,0.103792,0.002307,0.000091,0.171431,0.002484,0.000040,0.570142
img_02422.jpg,0.843621,0.063023,0.004184,0.000222,0.000922,0.058402,0.002054,0.027571
img_02479.jpg,0.000358,0.000001,0.000297,0.000205,0.999045,0.000070,0.000014,0.000010
img_02486.jpg,0.980849,0.006634,0.001338,0.000299,0.000132,0.007788,0.000099,0.002860
img_02487.jpg,0.997499,0.000269,0.000010,0.000005,0.001208,0.000001,0.000296,0.000711
img_02507.jpg,0.750380,0.005924,0.001480,0.000113,0.192456,0.044547,0.000603,0.004497
img_02522.jpg,0.969623,0.010948,0.000447,0.000070,0.014185,0.000025,0.001527,0.003175
img_02540.jpg,0.663120,0.003765,0.003356,0.000090,0.199352,0.127562,0.000062,0.002692
img_02546.jpg,0.439593,0.025526,0.038816,0.009656,0.105861,0.003844,0.000466,0.376237
img_02556.jpg,0.053241,0.098467,0.000275,0.000096,0.000045,0.016466,0.000071,0.831339
img_02560.jpg,0.000010,0.000002,0.000000,0.000000,0.999988,0.000000,0.000000,0.000000
img_02563.jpg,0.000000,0.000000,0.000000,0.000000,0.999994,0.000001,0.000000,0.000004
img_02565.jpg,0.879351,0.001822,0.000042,0.000007,0.000142,0.112556,0.000004,0.006076
img_02573.jpg,0.353192,0.256533,0.002071,0.000164,0.184783,0.006070,0.000054,0.197133
img_02574.jpg,0.216244,0.331614,0.000267,0.000158,0.010206,0.003439,0.032636,0.405436
img_02602.jpg,0.588696,0.015441,0.005297,0.001756,0.256405,0.000281,0.000146,0.131978
img_02607.jpg,0.365276,0.001565,0.000547,0.000076,0.613586,0.000012,0.000058,0.018881
img_02622.jpg,0.760899,0.019774,0.004726,0.000412,0.066111,0.128873,0.003967,0.015239
img_02625.jpg,0.485621,0.000162,0.000062,0.000037,0.076763,0.302246,0.132172,0.002937
img_02636.jpg,0.707649,0.097607,0.001166,0.000034,0.037202,0.000227,0.000578,0.155537
img_02638.jpg,0.998214,0.000053,0.000009,0.000009,0.000020,0.000001,0.000000,0.001692
img_02641.jpg,0.999458,0.000002,0.000038,0.000002,0.000062,0.000015,0.000001,0.000423
img_02646.jpg,0.019033,0.019835,0.001241,0.000143,0.002282,0.003373,0.000075,0.954018
img_02648.jpg,0.007335,0.003094,0.189984,0.021462,0.003147,0.510612,0.000120,0.264246
img_02651.jpg,0.753435,0.062094,0.033916,0.000024,0.149977,0.000021,0.000006,0.000525
img_02656.jpg,0.925222,0.004136,0.000080,0.000412,0.000236,0.001915,0.003497,0.064501
img_02666.jpg,0.997431,0.000410,0.000054,0.000012,0.000572,0.000982,0.000003,0.000537
img_02679.jpg,0.275257,0.371281,0.006505,0.001090,0.295995,0.010838,0.000456,0.038579
img_02687.jpg,0.032875,0.031747,0.002787,0.000507,0.027970,0.112868,0.020345,0.770901
img_02699.jpg,0.544445,0.001357,0.000192,0.000104,0.246602,0.004369,0.000551,0.202379
img_02702.jpg,0.995283,0.000012,0.000010,0.000078,0.001930,0.000027,0.002581,0.000080
img_02703.jpg,0.218371,0.018033,0.008250,0.001878,0.300084,0.011597,0.019264,0.422522
img_02709.jpg,0.901631,0.000998,0.014360,0.008390,0.065425,0.004754,0.000126,0.004315
img_02726.jpg,0.622306,0.003792,0.000727,0.000090,0.345486,0.026460,0.000012,0.001128
img_02733.jpg,0.682888,0.001397,0.080960,0.016507,0.160610,0.054572,0.000721,0.002346
img_02734.jpg,0.960135,0.000414,0.000251,0.000118,0.000796,0.012500,0.000022,0.025763
img_02739.jpg,0.999708,0.000016,0.000002,0.000001,0.000024,0.000168,0.000021,0.000060
img_02749.jpg,0.378877,0.000822,0.002258,0.556314,0.015625,0.012484,0.000056,0.033564
img_02759.jpg,0.027524,0.000358,0.002214,0.000153,0.000071,0.000265,0.000001,0.969415
img_02764.jpg,0.956646,0.000000,0.000003,0.000024,0.043262,0.000046,0.000017,0.000001
img_02766.jpg,0.999779,0.000060,0.000006,0.000001,0.000135,0.000009,0.000000,0.000010
img_02769.jpg,0.018223,0.005453,0.001667,0.000094,0.000278,0.000122,0.000001,0.974162
img_02771.jpg,0.948654,0.001075,0.000419,0.004229,0.000069,0.043622,0.001572,0.000361
img_02789.jpg,0.181631,0.027423,0.023219,0.000525,0.331286,0.009046,0.220845,0.206025
img_02799.jpg,0.993372,0.003269,0.000021,0.000004,0.002323,0.000896,0.000010,0.000104
img_02808.jpg,0.882141,0.017613,0.069874,0.000578,0.027179,0.001070,0.000113,0.001433
img_02811.jpg,0.979814,0.000113,0.000392,0.000198,0.002700,0.016159,0.000092,0.000532
img_02830.jpg,0.130722,0.022220,0.005518,0.000970,0.000276,0.256681,0.008386,0.575226
img_02834.jpg,0.133080,0.000047,0.000001,0.000000,0.000002,0.000017,0.000010,0.866843
img_02837.jpg,0.562084,0.161772,0.001343,0.008111,0.013434,0.029746,0.002763,0.220746
img_02838.jpg,0.987387,0.005836,0.002070,0.000048,0.000763,0.002120,0.000012,0.001764
img_02842.jpg,0.158179,0.000026,0.000016,0.000007,0.001076,0.838709,0.001774,0.000213
img_02857.jpg,0.525653,0.318191,0.001377,0.002624,0.105481,0.000787,0.012245,0.033641
img_02865.jpg,0.000617,0.076605,0.006205,0.000382,0.442759,0.007790,0.010496,0.455146
img_02871.jpg,0.071528,0.016408,0.001876,0.000536,0.000104,0.384038,0.001468,0.524043
img_02876.jpg,0.213979,0.004363,0.001742,0.000063,0.001603,0.001550,0.000463,0.776237
img_02889.jpg,0.851677,0.002165,0.002443,0.003399,0.132096,0.000924,0.000269,0.007027
img_02890.jpg,0.545859,0.007711,0.010694,0.000862,0.002490,0.399554,0.026218,0.006613
img_02899.jpg,0.836127,0.024528,0.005235,0.003175,0.000717,0.124473,0.001726,0.004018
img_02904.jpg,0.996906,0.000028,0.000085,0.000012,0.000490,0.000004,0.000011,0.002464
img_02911.jpg,0.001710,0.001109,0.022949,0.233171,0.007049,0.188083,0.000219,0.545709
img_02916.jpg,0.946259,0.020587,0.009506,0.000155,0.000578,0.005122,0.000153,0.017641
img_02920.jpg,0.957919,0.013812,0.001896,0.000394,0.000714,0.023699,0.001174,0.000393
img_02943.jpg,0.995566,0.000454,0.000071,0.000115,0.000560,0.002105,0.000057,0.001073
img_02949.jpg,0.979986,0.000312,0.017377,0.000382,0.000222,0.000451,0.000003,0.001267
img_02954.jpg,0.082570,0.139051,0.113700,0.000576,0.258682,0.057136,0.020750,0.327536
img_02956.jpg,0.986120,0.000160,0.000037,0.000003,0.003020,0.000647,0.000002,0.010011
img_02964.jpg,0.000650,0.139292,0.045192,0.000064,0.001971,0.002423,0.000035,0.810373
img_02974.jpg,0.997660,0.000009,0.000005,0.000003,0.000671,0.000001,0.001515,0.000136
img_02977.jpg,0.154917,0.797540,0.000051,0.000273,0.046306,0.000025,0.000334,0.000553
img_02993.jpg,0.000949,0.000216,0.000281,0.000003,0.000017,0.000018,0.000001,0.998516
img_03014.jpg,0.000511,0.037338,0.000595,0.000061,0.652762,0.000049,0.000020,0.308664
img_03043.jpg,0.039742,0.008051,0.096105,0.019927,0.011873,0.004149,0.000373,0.819779
img_03055.jpg,0.998940,0.000061,0.000036,0.000471,0.000034,0.000392,0.000052,0.000014
img_03064.jpg,0.592600,0.063681,0.008518,0.000480,0.019414,0.249652,0.054873,0.010782
img_03069.jpg,0.148017,0.318155,0.000268,0.000188,0.000213,0.173318,0.150516,0.209324
img_03074.jpg,0.997069,0.001137,0.000006,0.000003,0.000034,0.000178,0.000008,0.001564
img_03078.jpg,0.670388,0.024842,0.004628,0.000478,0.000460,0.286293,0.000539,0.012373
img_03080.jpg,0.996087,0.000001,0.000019,0.000033,0.002661,0.000048,0.001144,0.000006
img_03082.jpg,0.318870,0.083095,0.039149,0.012250,0.011713,0.102856,0.343990,0.088077
img_03087.jpg,0.039910,0.000656,0.000370,0.000256,0.568182,0.387341,0.001987,0.001298
img_03116.jpg,0.005444,0.004464,0.000145,0.000089,0.144665,0.001328,0.000020,0.843846
img_03128.jpg,0.891327,0.020010,0.000012,0.000009,0.000005,0.000037,0.000006,0.088594
img_03135.jpg,0.020261,0.025504,0.000004,0.000252,0.000015,0.000176,0.000020,0.953767
img_03140.jpg,0.534423,0.048396,0.010780,0.007378,0.218112,0.031968,0.000492,0.148452
img_03166.jpg,0.505769,0.449933,0.000190,0.000253,0.001305,0.014588,0.002025,0.025938
img_03169.jpg,0.000004,0.138556,0.788624,0.000063,0.000485,0.000046,0.000003,0.072218
img_03181.jpg,0.654675,0.002588,0.000773,0.000026,0.018339,0.300220,0.000050,0.023330
img_03195.jpg,0.837265,0.119909,0.000020,0.000029,0.000062,0.001128,0.000007,0.041579
img_03199.jpg,0.998851,0.000107,0.000001,0.000001,0.000002,0.000000,0.000002,0.001035
img_03210.jpg,0.001802,0.031311,0.093896,0.004032,0.086847,0.003548,0.000046,0.778518
img_03220.jpg,0.747673,0.000235,0.000188,0.000187,0.001508,0.049605,0.000090,0.200513
img_03222.jpg,0.691598,0.000474,0.000058,0.000009,0.000559,0.007166,0.000026,0.300111
img_03223.jpg,0.434505,0.113081,0.003967,0.052811,0.019074,0.036023,0.161193,0.179346
img_03228.jpg,0.803984,0.000106,0.000311,0.000107,0.000157,0.000387,0.000002,0.194947
img_03229.jpg,0.826476,0.016809,0.000301,0.000088,0.000591,0.102598,0.026059,0.027078
img_03231.jpg,0.851884,0.006953,0.029847,0.004303,0.003486,0.001041,0.000795,0.101692
img_03238.jpg,0.717840,0.148580,0.001103,0.000106,0.009491,0.047907,0.000127,0.074845
img_03239.jpg,0.000406,0.000961,0.000086,0.000038,0.000110,0.001484,0.995679,0.001235
img_03252.jpg,0.999828,0.000002,0.000000,0.000000,0.000059,0.000000,0.000000,0.000110
img_03254.jpg,0.144120,0.000246,0.000049,0.000043,0.002334,0.698022,0.139190,0.015996
img_03260.jpg,0.962633,0.004501,0.001219,0.000067,0.017269,0.012221,0.000014,0.002075
img_03261.jpg,0.978603,0.008372,0.008518,0.000775,0.002003,0.000867,0.000010,0.000852
img_03270.jpg,0.450483,0.102570,0.001859,0.001722,0.056936,0.001874,0.002064,0.382493
img_03283.jpg,0.248769,0.049504,0.003648,0.001095,0.002028,0.041290,0.045192,0.608474
img_03290.jpg,0.774327,0.004881,0.018021,0.000226,0.000768,0.031932,0.001873,0.167973
img_03297.jpg,0.981439,0.000345,0.004007,0.000292,0.000420,0.004553,0.000035,0.008909
img_03310.jpg,0.818859,0.000231,0.000411,0.000296,0.006764,0.073350,0.000085,0.100004
img_03312.jpg,0.986279,0.001699,0.000029,0.000009,0.000015,0.000007,0.000013,0.011949
img_03324.jpg,0.043225,0.001265,0.000238,0.000049,0.206881,0.000001,0.000003,0.748337
img_03333.jpg,0.997991,0.000005,0.000005,0.000001,0.000010,0.001545,0.000424,0.000019
img_03342.jpg,0.994675,0.002436,0.000002,0.000002,0.000001,0.001923,0.000001,0.000961
img_03346.jpg,0.224542,0.001944,0.001180,0.000056,0.001017,0.739022,0.000012,0.032225
img_03355.jpg,0.573588,0.010823,0.000204,0.000047,0.002799,0.000743,0.000827,0.410969
img_03361.jpg,0.001725,0.994744,0.000137,0.000006,0.000047,0.000044,0.000024,0.003272
img_03370.jpg,0.727864,0.006484,0.000009,0.000006,0.000008,0.000178,0.000023,0.265428
img_03399.jpg,0.949810,0.000268,0.000132,0.000075,0.000929,0.048613,0.000033,0.000141
img_03410.jpg,0.180416,0.000144,0.000826,0.000091,0.802051,0.000207,0.000041,0.016224
img_03422.jpg,0.895494,0.094122,0.005045,0.000354,0.004553,0.000106,0.000001,0.000325
img_03426.jpg,0.666072,0.000468,0.000095,0.000092,0.003057,0.007376,0.245625,0.077215
img_03439.jpg,0.245220,0.000447,0.001533,0.697905,0.005430,0.033988,0.000267,0.015209
img_03440.jpg,0.006489,0.003692,0.001504,0.000058,0.045370,0.000021,0.000002,0.942863
img_03444.jpg,0.826229,0.158890,0.000291,0.000040,0.001669,0.004897,0.000005,0.007977
img_03445.jpg,0.206856,0.000013,0.000005,0.000003,0.792924,0.000001,0.000067,0.000131
img_03446.jpg,0.000007,0.217193,0.765708,0.000014,0.000425,0.000085,0.000025,0.016541
img_03452.jpg,0.016914,0.977078,0.000830,0.000006,0.000347,0.000014,0.000036,0.004776
img_03454.jpg,0.945504,0.000011,0.000038,0.000076,0.051400,0.002687,0.000183,0.000101
img_03456.jpg,0.001089,0.017711,0.000187,0.000046,0.870417,0.000030,0.000011,0.110509
img_03457.jpg,0.995889,0.000044,0.000386,0.000047,0.002995,0.000264,0.000001,0.000373
img_03471.jpg,0.471037,0.000991,0.004412,0.388332,0.023445,0.022171,0.006965,0.082647
img_03475.jpg,0.124202,0.000137,0.001214,0.000281,0.829765,0.004362,0.004376,0.035662
img_03488.jpg,0.931016,0.063828,0.000039,0.000004,0.000002,0.001130,0.000128,0.003853
img_03490.jpg,0.384481,0.163841,0.002131,0.000114,0.104817,0.005613,0.000038,0.338965
img_03502.jpg,0.095810,0.030712,0.003317,0.000096,0.002876,0.756323,0.000070,0.110795
img_03504.jpg,0.578367,0.023250,0.001328,0.000025,0.191095,0.172694,0.000035,0.033207
img_03520.jpg,0.992788,0.003216,0.000881,0.000020,0.001317,0.000377,0.000009,0.001392
img_03527.jpg,0.000043,0.291178,0.409053,0.000022,0.002934,0.000284,0.000025,0.296460
img_03547.jpg,0.997081,0.000907,0.000247,0.001599,0.000063,0.000092,0.000003,0.000008
img_03548.jpg,0.767552,0.128272,0.000091,0.000068,0.000053,0.017833,0.000380,0.085751
img_03554.jpg,0.996990,0.001986,0.000027,0.000004,0.000388,0.000501,0.000005,0.000099
img_03563.jpg,0.320747,0.018834,0.006252,0.001687,0.002077,0.439017,0.053571,0.157816
img_03581.jpg,0.643727,0.000156,0.000814,0.338659,0.003789,0.008472,0.000051,0.004331
img_03584.jpg,0.006440,0.014317,0.126246,0.000333,0.024767,0.001086,0.001259,0.825550
img_03587.jpg,0.001012,0.000050,0.000000,0.000001,0.000001,0.000004,0.000000,0.998932
img_03588.jpg,0.252086,0.000152,0.000163,0.000082,0.036579,0.700438,0.005102,0.005397
img_03602.jpg,0.044198,0.000025,0.000028,0.000008,0.000266,0.950125,0.004478,0.000871
img_03627.jpg,0.999714,0.000008,0.000002,0.000001,0.000199,0.000004,0.000000,0.000073
img_03628.jpg,0.984047,0.000557,0.006218,0.000190,0.003068,0.005013,0.000713,0.000195
img_03652.jpg,0.882560,0.000000,0.000001,0.000009,0.117419,0.000005,0.000005,0.000001
img_03670.jpg,0.931112,0.000004,0.000043,0.000053,0.064476,0.004144,0.000087,0.000081
img_03674.jpg,0.052214,0.008068,0.002090,0.000945,0.929485,0.000663,0.000067,0.006468
img_03677.jpg,0.995424,0.003513,0.000018,0.000002,0.000009,0.000202,0.000039,0.000795
img_03711.jpg,0.893096,0.000045,0.000048,0.000009,0.000016,0.000033,0.000005,0.106747
img_03715.jpg,0.473906,0.000471,0.002496,0.398420,0.013334,0.007109,0.002636,0.101628
img_03718.jpg,0.878447,0.000155,0.000615,0.000654,0.002623,0.117253,0.000014,0.000239
img_03726.jpg,0.003286,0.199110,0.000464,0.000898,0.000878,0.582866,0.003038,0.209460
img_03739.jpg,0.000885,0.000102,0.000716,0.000101,0.000454,0.001098,0.006008,0.990634
img_03749.jpg,0.213565,0.000430,0.000513,0.000123,0.003425,0.611763,0.009062,0.161119
img_03750.jpg,0.621037,0.226014,0.000234,0.000109,0.005223,0.010360,0.036334,0.100689
img_03760.jpg,0.476272,0.004044,0.000036,0.000024,0.000357,0.435786,0.026795,0.056686
img_03764.jpg,0.800415,0.034940,0.000224,0.000013,0.000252,0.000234,0.000071,0.163851
img_03776.jpg,0.781414,0.002473,0.000566,0.000352,0.136676,0.002368,0.002576,0.073576
img_03801.jpg,0.951648,0.004734,0.001273,0.000092,0.005463,0.003331,0.000363,0.033097
img_03805.jpg,0.997421,0.001935,0.000014,0.000002,0.000003,0.000051,0.000100,0.000474
img_03809.jpg,0.517211,0.474472,0.000019,0.000003,0.000036,0.001255,0.006528,0.000477
img_03825.jpg,0.999292,0.000032,0.000028,0.000092,0.000001,0.000550,0.000002,0.000003
img_03831.jpg,0.000874,0.040959,0.027676,0.000050,0.059563,0.000008,0.000001,0.870868
img_03837.jpg,0.633346,0.156344,0.011571,0.000659,0.004753,0.017631,0.000112,0.175584
img_03847.jpg,0.223635,0.384085,0.006455,0.000556,0.007234,0.335615,0.000669,0.041751
img_03853.jpg,0.998894,0.000304,0.000105,0.000004,0.000118,0.000367,0.000080,0.000129
img_03866.jpg,0.985272,0.003966,0.000310,0.000182,0.002800,0.006118,0.000105,0.001248
img_03867.jpg,0.748529,0.002859,0.003130,0.000499,0.207825,0.026907,0.008844,0.001406
img_03869.jpg,0.989755,0.000132,0.000776,0.000499,0.002738,0.000258,0.002882,0.002960
img_03871.jpg,0.053434,0.029058,0.005988,0.001117,0.008915,0.002731,0.000511,0.898246
img_03886.jpg,0.969185,0.002264,0.000373,0.000032,0.007792,0.000065,0.000205,0.020085
img_03891.jpg,0.386961,0.347024,0.005040,0.000110,0.000099,0.259390,0.000419,0.000958
img_03892.jpg,0.112447,0.013969,0.001008,0.000512,0.000538,0.231334,0.002447,0.637745
img_03896.jpg,0.997021,0.000162,0.000147,0.000004,0.000066,0.000058,0.000065,0.002477
img_03923.jpg,0.534030,0.357962,0.007980,0.000900,0.016711,0.030918,0.026409,0.025090
img_03924.jpg,0.003234,0.002838,0.000324,0.000142,0.654995,0.000717,0.000042,0.337707
img_03928.jpg,0.706749,0.032640,0.007283,0.001733,0.003019,0.063890,0.089482,0.095205
img_03929.jpg,0.006028,0.244347,0.000320,0.001238,0.000459,0.494054,0.007240,0.246313
img_03931.jpg,0.857190,0.071982,0.000169,0.000399,0.001934,0.002699,0.000934,0.064693
img_03935.jpg,0.246539,0.000732,0.000663,0.000198,0.402553,0.012560,0.011662,0.325093
img_03941.jpg,0.842835,0.000647,0.002996,0.002240,0.000833,0.149221,0.000969,0.000259
img_03942.jpg,0.822860,0.001164,0.001143,0.004146,0.003349,0.000233,0.000020,0.167084
img_03943.jpg,0.256538,0.000235,0.000449,0.000078,0.010133,0.001261,0.056021,0.675285
img_03945.jpg,0.330222,0.000024,0.000021,0.000017,0.075357,0.507048,0.086512,0.000799
img_03946.jpg,0.121299,0.163052,0.003417,0.026323,0.005085,0.510347,0.006873,0.163605
img_03952.jpg,0.972215,0.010955,0.000382,0.000050,0.015534,0.000542,0.000020,0.000300
img_03967.jpg,0.678865,0.004724,0.001059,0.000640,0.132525,0.000543,0.000456,0.181188
img_03974.jpg,0.960786,0.000111,0.000790,0.000127,0.031147,0.000681,0.000064,0.006295
img_03992.jpg,0.000566,0.797785,0.000001,0.000008,0.000872,0.000000,0.100004,0.100763
img_03995.jpg,0.003353,0.025315,0.179321,0.000086,0.001478,0.001861,0.001508,0.787077
img_03996.jpg,0.684221,0.039324,0.003836,0.000310,0.013109,0.219366,0.005713,0.034123
img_04001.jpg,0.975553,0.005471,0.000074,0.000234,0.014804,0.003365,0.000398,0.000101
img_04002.jpg,0.102750,0.136770,0.007687,0.001903,0.053413,0.653211,0.000834,0.043432
img_04003.jpg,0.967501,0.000016,0.000017,0.000041,0.000691,0.031693,0.000002,0.000038
img_04004.jpg,0.995205,0.000010,0.000086,0.000016,0.002513,0.001021,0.000001,0.001149
img_04013.jpg,0.039608,0.322348,0.003450,0.017444,0.006371,0.458878,0.042564,0.109337
img_04015.jpg,0.931985,0.003147,0.000546,0.001087,0.004235,0.054838,0.000004,0.004158
img_04024.jpg,0.923552,0.016363,0.000007,0.000002,0.000006,0.000005,0.000002,0.060063
img_04036.jpg,0.675804,0.002568,0.000075,0.000025,0.000189,0.000231,0.001100,0.320007
img_04037.jpg,0.928629,0.001828,0.000548,0.000033,0.000189,0.067859,0.000213,0.000701
img_04044.jpg,0.992836,0.000051,0.000691,0.000011,0.000136,0.000024,0.000002,0.006249
img_04061.jpg,0.915112,0.004398,0.000617,0.000192,0.000265,0.042359,0.000740,0.036316
img_04069.jpg,0.452541,0.007273,0.006044,0.000973,0.002003,0.506451,0.009304,0.015411
img_04073.jpg,0.046750,0.396629,0.002841,0.030390,0.002836,0.326014,0.019230,0.175309
img_04076.jpg,0.773752,0.001461,0.001880,0.000060,0.002136,0.156083,0.000149,0.064478
img_04101.jpg,0.968226,0.002121,0.000327,0.000031,0.000088,0.028874,0.000036,0.000297
img_04115.jpg,0.995881,0.000854,0.000003,0.000001,0.000009,0.000003,0.000127,0.003122
img_04118.jpg,0.739846,0.010460,0.001652,0.000089,0.031685,0.205861,0.000029,0.010378
img_04126.jpg,0.601078,0.001260,0.000087,0.000101,0.067501,0.000082,0.100168,0.229723
img_04127.jpg,0.153301,0.177239,0.000418,0.000068,0.002235,0.170281,0.033070,0.463389
img_04128.jpg,0.267213,0.641653,0.003365,0.002796,0.010689,0.000874,0.032364,0.041047
img_04129.jpg,0.999751,0.000041,0.000005,0.000003,0.000018,0.000002,0.000006,0.000174
img_04130.jpg,0.996460,0.000016,0.000000,0.000002,0.003521,0.000000,0.000000,0.000001
img_04136.jpg,0.576370,0.007145,0.402650,0.001553,0.007400,0.003342,0.000627,0.000913
img_04138.jpg,0.164397,0.013491,0.001252,0.000401,0.810394,0.005364,0.004591,0.000109
img_04145.jpg,0.943571,0.027195,0.000878,0.000083,0.002506,0.022509,0.000160,0.003099
img_04156.jpg,0.847380,0.019552,0.052567,0.000119,0.001966,0.001682,0.000018,0.076715
img_04181.jpg,0.924828,0.008796,0.003881,0.000071,0.038709,0.004605,0.000272,0.018838
img_04183.jpg,0.396876,0.005486,0.000470,0.000300,0.003639,0.006082,0.000836,0.586311
img_04204.jpg,0.000000,0.000000,0.000000,0.000000,0.000000,0.000001,0.000000,0.999999
img_04221.jpg,0.899528,0.000440,0.000004,0.000001,0.000000,0.000005,0.100004,0.000018
img_04233.jpg,0.001898,0.006828,0.000445,0.000145,0.904544,0.026919,0.009298,0.049924
img_04237.jpg,0.000945,0.997842,0.000203,0.000003,0.000066,0.000249,0.000012,0.000679
img_04240.jpg,0.674138,0.005420,0.000060,0.000068,0.000551,0.005272,0.000702,0.313788
img_04247.jpg,0.230391,0.030725,0.000449,0.000046,0.000528,0.002002,0.000407,0.735453
img_04250.jpg,0.228508,0.043699,0.033192,0.003316,0.662258,0.010103,0.006008,0.012916
img_04257.jpg,0.061610,0.000019,0.000102,0.000055,0.905346,0.000092,0.032773,0.000003
img_04261.jpg,0.359715,0.039214,0.025790,0.002372,0.003483,0.212756,0.321977,0.034695
img_04263.jpg,0.998003,0.000615,0.000036,0.000004,0.000109,0.000758,0.000147,0.000328
img_04266.jpg,0.348594,0.000338,0.000070,0.000032,0.117359,0.419468,0.090825,0.023313
img_04268.jpg,0.265396,0.058663,0.000706,0.000041,0.000140,0.664786,0.000005,0.010263
img_04271.jpg,0.372563,0.021610,0.003942,0.000791,0.461055,0.011486,0.059693,0.068859
img_04272.jpg,0.992119,0.000017,0.000074,0.000035,0.001648,0.000024,0.000163,0.005920
img_04282.jpg,0.723282,0.020859,0.000828,0.000548,0.000475,0.037956,0.007584,0.208468
img_04285.jpg,0.429548,0.008791,0.000002,0.000003,0.000003,0.000623,0.000001,0.561029
img_04306.jpg,0.690565,0.000020,0.000040,0.000476,0.008492,0.000058,0.000105,0.300244
img_04310.jpg,0.778327,0.197668,0.023347,0.000050,0.000061,0.000289,0.000038,0.000220
img_04321.jpg,0.859482,0.004766,0.000098,0.000035,0.000383,0.002513,0.000190,0.132533
img_04323.jpg,0.498456,0.000359,0.000545,0.000192,0.440344,0.019846,0.038675,0.001582
img_04324.jpg,0.792627,0.000478,0.002038,0.000098,0.150841,0.000547,0.000283,0.053088
img_04341.jpg,0.796613,0.000173,0.000007,0.000002,0.000111,0.000011,0.000266,0.202817
img_04369.jpg,0.438336,0.002872,0.001846,0.000153,0.000544,0.434186,0.012680,0.109383
img_04370.jpg,0.864340,0.105354,0.000340,0.000032,0.000064,0.000888,0.000427,0.028555
img_04375.jpg,0.004098,0.000100,0.002394,0.000015,0.988251,0.001407,0.000018,0.003718
img_04382.jpg,0.000356,0.239255,0.719561,0.000060,0.000072,0.002468,0.000043,0.038185
img_04386.jpg,0.752131,0.015444,0.000242,0.000047,0.001102,0.093787,0.000548,0.136698
img_04390.jpg,0.003021,0.008631,0.046210,0.000115,0.036279,0.000978,0.000111,0.904655
img_04405.jpg,0.576108,0.002698,0.000153,0.000037,0.000126,0.003166,0.000968,0.416745
img_04408.jpg,0.207794,0.038546,0.010427,0.007172,0.003381,0.311848,0.106245,0.314586
img_04410.jpg,0.995631,0.000151,0.000310,0.000064,0.000188,0.002116,0.000208,0.001332
img_04415.jpg,0.290082,0.378313,0.000577,0.000159,0.025095,0.002206,0.007366,0.296202
img_04419.jpg,0.507272,0.148036,0.018382,0.001694,0.305853,0.001108,0.004549,0.013106
img_04422.jpg,0.320716,0.568047,0.000484,0.000063,0.001588,0.003466,0.000916,0.104720
img_04423.jpg,0.648781,0.003074,0.000967,0.000459,0.194133,0.012838,0.007868,0.131880
img_04425.jpg,0.882287,0.082009,0.001453,0.000066,0.000812,0.001444,0.000049,0.031881
img_04427.jpg,0.579211,0.001233,0.000007,0.000003,0.000004,0.009208,0.000035,0.410298
img_04432.jpg,0.993872,0.002072,0.000072,0.000010,0.001285,0.002575,0.000070,0.000045
img_04453.jpg,0.000185,0.000055,0.000000,0.000000,0.999757,0.000001,0.000000,0.000002
img_04461.jpg,0.917108,0.001773,0.046263,0.002140,0.023625,0.002599,0.002008,0.004484
img_04476.jpg,0.653586,0.158643,0.002422,0.000397,0.094523,0.072249,0.001809,0.016371
img_04478.jpg,0.901388,0.000259,0.000848,0.000036,0.000137,0.089936,0.000024,0.007373
img_04479.jpg,0.396193,0.003566,0.000315,0.000114,0.002372,0.374133,0.221775,0.001532
img_04482.jpg,0.849733,0.000146,0.000241,0.000146,0.000006,0.049696,0.000028,0.100005
img_04496.jpg,0.996612,0.000142,0.000735,0.000044,0.001197,0.000085,0.000261,0.000925
img_04503.jpg,0.007898,0.003769,0.000019,0.000002,0.988116,0.000177,0.000006,0.000012
img_04507.jpg,0.000005,0.000998,0.068441,0.000076,0.001193,0.000291,0.000542,0.928453
img_04511.jpg,0.332413,0.000066,0.000303,0.000131,0.004214,0.662212,0.000524,0.000138
img_04520.jpg,0.562737,0.160503,0.008273,0.000401,0.011951,0.000646,0.055224,0.200266
img_04532.jpg,0.003067,0.166808,0.000287,0.000426,0.000028,0.803384,0.024869,0.001131
img_04546.jpg,0.001073,0.000074,0.001423,0.000013,0.000039,0.000008,0.000000,0.997370
img_04554.jpg,0.871091,0.003979,0.004053,0.001492,0.008940,0.009855,0.000089,0.100500
img_04559.jpg,0.009172,0.000152,0.298163,0.020936,0.004141,0.000168,0.000112,0.667155
img_04562.jpg,0.000001,0.000000,0.000001,0.000003,0.000000,0.000022,0.001536,0.998437
img_04563.jpg,0.999819,0.000002,0.000001,0.000000,0.000006,0.000025,0.000142,0.000006
img_04585.jpg,0.000076,0.000011,0.000055,0.000001,0.999653,0.000022,0.000049,0.000134
img_04586.jpg,0.935391,0.000745,0.002432,0.000065,0.001622,0.049945,0.000017,0.009783
img_04603.jpg,0.437676,0.060280,0.000949,0.000124,0.284427,0.000017,0.000024,0.216501
img_04624.jpg,0.001566,0.339404,0.001382,0.024608,0.000230,0.527331,0.070593,0.034887
img_04629.jpg,0.943252,0.000002,0.000040,0.000050,0.040600,0.000062,0.015907,0.000088
img_04640.jpg,0.920981,0.019291,0.000708,0.000168,0.005786,0.022633,0.002266,0.028167
img_04642.jpg,0.004500,0.000212,0.000005,0.000004,0.995102,0.000003,0.000006,0.000168
img_04647.jpg,0.995675,0.002413,0.000016,0.000002,0.000844,0.001004,0.000004,0.000041
img_04657.jpg,0.144508,0.018270,0.699950,0.003336,0.005472,0.124157,0.000771,0.003535
img_04661.jpg,0.992830,0.000166,0.000189,0.000157,0.004339,0.002260,0.000052,0.000007
img_04671.jpg,0.963597,0.006834,0.000030,0.000003,0.000002,0.000049,0.000018,0.029467
img_04675.jpg,0.000061,0.005603,0.973034,0.000085,0.001162,0.000528,0.000010,0.019516
img_04696.jpg,0.997095,0.001372,0.000020,0.000003,0.000410,0.001012,0.000003,0.000086
img_04705.jpg,0.000708,0.004177,0.018155,0.000086,0.021564,0.000162,0.000194,0.954954
img_04712.jpg,0.010994,0.012643,0.014147,0.000995,0.006523,0.024728,0.002732,0.927238
img_04719.jpg,0.474397,0.065272,0.004752,0.000639,0.159453,0.271559,0.001034,0.022893
img_04723.jpg,0.000017,0.022269,0.969076,0.000001,0.000023,0.000016,0.000000,0.008598
img_04726.jpg,0.001100,0.002832,0.003340,0.000184,0.960001,0.003121,0.001537,0.027884
img_04740.jpg,0.522237,0.010917,0.002602,0.000207,0.429827,0.025143,0.000034,0.009032
img_04750.jpg,0.026496,0.000015,0.000014,0.000194,0.973232,0.000001,0.000017,0.000032
img_04752.jpg,0.187072,0.000160,0.002772,0.718313,0.000122,0.088181,0.000204,0.003178
img_04757.jpg,0.925993,0.041465,0.000213,0.000011,0.000197,0.028047,0.000108,0.003966
img_04766.jpg,0.984810,0.000684,0.000002,0.000001,0.000013,0.000002,0.000107,0.014381
img_04795.jpg,0.917897,0.031539,0.000055,0.000015,0.004379,0.001756,0.002184,0.042175
img_04811.jpg,0.021926,0.024837,0.001469,0.001587,0.002790,0.008753,0.000104,0.938534
img_04814.jpg,0.000024,0.000779,0.992404,0.000052,0.000742,0.000039,0.000002,0.005957
img_04830.jpg,0.987186,0.000004,0.000046,0.000048,0.007996,0.004318,0.000157,0.000246
img_04835.jpg,0.000052,0.513914,0.000048,0.000535,0.000004,0.477380,0.001209,0.006858
img_04856.jpg,0.995543,0.000467,0.001068,0.000010,0.000028,0.000086,0.000004,0.002793
img_04860.jpg,0.689293,0.000116,0.000396,0.000374,0.218077,0.090167,0.000010,0.001568
img_04870.jpg,0.811565,0.002611,0.003759,0.001341,0.000725,0.163881,0.004210,0.011907
img_04872.jpg,0.827686,0.126642,0.000379,0.000303,0.012676,0.013166,0.017636,0.001511
img_04879.jpg,0.236230,0.197962,0.005363,0.001462,0.028239,0.512467,0.012144,0.006133
img_04885.jpg,0.025635,0.513723,0.002540,0.019683,0.015637,0.175882,0.021367,0.225533
img_04888.jpg,0.993360,0.000954,0.000391,0.000037,0.002903,0.001200,0.000350,0.000804
img_04921.jpg,0.494094,0.000689,0.000058,0.000042,0.000616,0.252875,0.249434,0.002191
img_04949.jpg,0.190860,0.551920,0.000072,0.000014,0.000015,0.001587,0.249979,0.005553
img_04959.jpg,0.886677,0.001173,0.000043,0.000013,0.111951,0.000033,0.000002,0.000109
img_04962.jpg,0.090257,0.004295,0.013222,0.007508,0.018133,0.001646,0.000037,0.864901
img_04975.jpg,0.816909,0.118707,0.000459,0.000101,0.002927,0.004030,0.000370,0.056497
img_04990.jpg,0.509271,0.006620,0.000624,0.000154,0.000887,0.009673,0.005170,0.467600
img_04991.jpg,0.130843,0.036509,0.005389,0.001084,0.039278,0.682297,0.009880,0.094720
img_05015.jpg,0.021770,0.000458,0.001408,0.697846,0.001546,0.276234,0.000499,0.000240
img_05016.jpg,0.417986,0.002782,0.001753,0.000265,0.006819,0.447188,0.017853,0.105354
img_05021.jpg,0.195392,0.023931,0.000166,0.000299,0.670666,0.008826,0.098748,0.001973
img_05026.jpg,0.388822,0.079599,0.000010,0.000012,0.000052,0.000229,0.000003,0.531274
img_05030.jpg,0.724729,0.077891,0.004100,0.001248,0.000341,0.019390,0.021564,0.150737
img_05038.jpg,0.898666,0.097054,0.000019,0.000006,0.000003,0.000200,0.000044,0.004009
img_05046.jpg,0.729270,0.004459,0.000598,0.000289,0.015054,0.089326,0.009765,0.151239
img_05055.jpg,0.927606,0.000066,0.000777,0.000137,0.068255,0.002981,0.000019,0.000160
img_05059.jpg,0.001754,0.009180,0.000158,0.000058,0.133246,0.000072,0.000008,0.855524
img_05064.jpg,0.934463,0.027632,0.017415,0.000110,0.002342,0.002990,0.000207,0.014841
img_05068.jpg,0.110601,0.389695,0.005221,0.003002,0.003817,0.012494,0.313800,0.161371
img_05074.jpg,0.345068,0.000351,0.000347,0.000063,0.553102,0.000889,0.100004,0.000177
img_05076.jpg,0.159059,0.123842,0.000003,0.000008,0.000012,0.000070,0.000005,0.717001
img_05078.jpg,0.382944,0.005246,0.086028,0.007170,0.034403,0.033640,0.010158,0.440412
img_05084.jpg,0.513922,0.002405,0.000057,0.000019,0.000041,0.010449,0.000662,0.472445
img_05085.jpg,0.144431,0.000290,0.002758,0.000166,0.782204,0.000931,0.000030,0.069190
img_05087.jpg,0.999772,0.000004,0.000005,0.000001,0.000196,0.000014,0.000000,0.000008
img_05095.jpg,0.730303,0.166910,0.000231,0.000069,0.000028,0.000430,0.000499,0.101531
img_05119.jpg,0.886380,0.008328,0.000569,0.000049,0.042635,0.000446,0.000044,0.061549
img_05137.jpg,0.571800,0.095957,0.004508,0.000326,0.013987,0.135985,0.000459,0.176978
img_05139.jpg,0.001283,0.000855,0.343643,0.009805,0.001812,0.002956,0.000035,0.639612
img_05147.jpg,0.091794,0.000363,0.006133,0.799738,0.003206,0.098147,0.000581,0.000039
img_05156.jpg,0.191217,0.000541,0.000442,0.000141,0.736094,0.068808,0.002320,0.000436
img_05185.jpg,0.953786,0.000158,0.000959,0.000196,0.005809,0.016719,0.021737,0.000635
img_05186.jpg,0.785644,0.000107,0.000104,0.000045,0.207924,0.000253,0.000011,0.005911
img_05192.jpg,0.001174,0.001720,0.000097,0.000020,0.000338,0.000473,0.000106,0.996074
img_05196.jpg,0.160404,0.018098,0.009064,0.000634,0.802575,0.006988,0.001701,0.000536
img_05209.jpg,0.997916,0.000301,0.000626,0.000053,0.000074,0.000865,0.000002,0.000164
img_05210.jpg,0.773879,0.002894,0.000199,0.000243,0.184902,0.000024,0.000002,0.037858
img_05211.jpg,0.781234,0.005725,0.000685,0.000188,0.005031,0.032993,0.002627,0.171516
img_05222.jpg,0.752889,0.000284,0.000196,0.000228,0.022867,0.001360,0.000001,0.222175
img_05236.jpg,0.060407,0.014185,0.000034,0.000002,0.000002,0.854658,0.000000,0.070712
img_05241.jpg,0.378656,0.015691,0.015623,0.000569,0.000784,0.575003,0.004404,0.009270
img_05244.jpg,0.986181,0.000847,0.007825,0.000042,0.000106,0.004556,0.000030,0.000413
img_05251.jpg,0.672885,0.013316,0.001946,0.000505,0.000620,0.031800,0.004280,0.274648
img_05253.jpg,0.000068,0.000154,0.000121,0.000037,0.000002,0.000098,0.000008,0.999511
img_05260.jpg,0.977218,0.000120,0.000760,0.000032,0.000311,0.020915,0.000006,0.000638
img_05264.jpg,0.000065,0.000496,0.998322,0.000005,0.000165,0.000078,0.000001,0.000867
img_05268.jpg,0.911238,0.012928,0.000579,0.000222,0.005323,0.051654,0.000310,0.017747
img_05269.jpg,0.861694,0.000608,0.000049,0.000011,0.137168,0.000014,0.000108,0.000349
img_05273.jpg,0.995605,0.000221,0.000408,0.000027,0.001301,0.002270,0.000001,0.000168
img_05276.jpg,0.000334,0.001139,0.000911,0.000064,0.965352,0.000073,0.000179,0.031947
img_05284.jpg,0.339431,0.448836,0.000729,0.000093,0.001820,0.002724,0.003389,0.202978
img_05292.jpg,0.902906,0.061033,0.000005,0.000012,0.000019,0.000512,0.000003,0.035509
img_05293.jpg,0.103807,0.351624,0.007210,0.063403,0.004748,0.264091,0.005480,0.199638
img_05322.jpg,0.974944,0.020878,0.000021,0.000116,0.002260,0.000222,0.000508,0.001049
img_05328.jpg,0.791974,0.000263,0.000018,0.000025,0.002866,0.000057,0.000897,0.203901
img_05336.jpg,0.999300,0.000076,0.000029,0.000085,0.000002,0.000457,0.000024,0.000027
img_05341.jpg,0.667390,0.004194,0.006340,0.000185,0.320134,0.000071,0.001386,0.000301
img_05349.jpg,0.008333,0.990281,0.000062,0.000012,0.000145,0.000016,0.000202,0.000949
img_05359.jpg,0.873456,0.089629,0.000035,0.000046,0.000049,0.009479,0.000002,0.027305
img_05378.jpg,0.680830,0.028730,0.000227,0.000013,0.289729,0.000004,0.000024,0.000443
img_05393.jpg,0.248916,0.616125,0.000524,0.000091,0.000220,0.042558,0.053261,0.038304
img_05410.jpg,0.000027,0.000071,0.000267,0.000035,0.000121,0.000013,0.000037,0.999430
img_05426.jpg,0.238501,0.002058,0.005064,0.504490,0.027569,0.221935,0.000313,0.000071
img_05433.jpg,0.800860,0.004599,0.000763,0.000436,0.008855,0.174210,0.000854,0.009423
img_05434.jpg,0.190582,0.002814,0.111172,0.005284,0.666732,0.004887,0.001386,0.017142
img_05438.jpg,0.997898,0.000251,0.000172,0.000023,0.000021,0.001455,0.000111,0.000069
img_05439.jpg,0.668701,0.000078,0.000130,0.000173,0.286799,0.043789,0.000003,0.000329
img_05440.jpg,0.998337,0.000258,0.000451,0.000022,0.000343,0.000524,0.000001,0.000064
img_05445.jpg,0.906818,0.001087,0.000622,0.000345,0.036387,0.053622,0.000003,0.001116
img_05454.jpg,0.000252,0.000005,0.000012,0.000002,0.996760,0.000022,0.000088,0.002860
img_05459.jpg,0.887135,0.002671,0.000068,0.000420,0.000141,0.007291,0.100021,0.002253
img_05463.jpg,0.911940,0.049654,0.000001,0.000002,0.000002,0.000098,0.000002,0.038300
img_05471.jpg,0.381699,0.143047,0.000167,0.000022,0.004824,0.002622,0.001573,0.466045
img_05475.jpg,0.134419,0.000360,0.000181,0.000219,0.844863,0.013237,0.005056,0.001663
img_05479.jpg,0.990495,0.000487,0.000422,0.000032,0.000154,0.007317,0.000326,0.000766
img_05488.jpg,0.896325,0.003319,0.000148,0.000036,0.000042,0.000094,0.000029,0.100008
img_05489.jpg,0.697022,0.068892,0.004620,0.000077,0.000045,0.228210,0.000089,0.001043
img_05492.jpg,0.000000,0.000010,0.996430,0.000000,0.000002,0.000001,0.000000,0.003557
img_05508.jpg,0.981455,0.009272,0.000096,0.000006,0.004936,0.000057,0.000007,0.004172
img_05516.jpg,0.927670,0.011930,0.000256,0.000106,0.000857,0.009211,0.024001,0.025969
img_05520.jpg,0.106982,0.000037,0.000022,0.000026,0.016571,0.844449,0.031561,0.000352
img_05525.jpg,0.604862,0.071870,0.008339,0.000214,0.050019,0.026931,0.000010,0.237758
img_05539.jpg,0.322113,0.019431,0.015573,0.000869,0.001150,0.587807,0.002455,0.050603
img_05548.jpg,0.997236,0.002200,0.000106,0.000346,0.000014,0.000066,0.000010,0.000023
img_05558.jpg,0.709272,0.010072,0.000006,0.000007,0.000006,0.000055,0.000040,0.280542
img_05563.jpg,0.922705,0.003096,0.000099,0.000027,0.000317,0.000031,0.000035,0.073689
img_05568.jpg,0.996330,0.002046,0.000086,0.000004,0.000005,0.001335,0.000040,0.000155
img_05572.jpg,0.486208,0.002756,0.000073,0.000029,0.000269,0.000526,0.002361,0.507779
img_05580.jpg,0.633719,0.006469,0.000531,0.000080,0.000511,0.008972,0.002310,0.347409
img_05584.jpg,0.746034,0.243600,0.009901,0.000011,0.000060,0.000008,0.000018,0.000368
img_05587.jpg,0.183848,0.170927,0.015210,0.001775,0.357965,0.011327,0.018781,0.240167
img_05595.jpg,0.964871,0.001198,0.000117,0.000023,0.000146,0.000160,0.000175,0.033311
img_05603.jpg,0.653786,0.003021,0.000417,0.000025,0.341443,0.000010,0.000001,0.001298
img_05612.jpg,0.839763,0.097135,0.046210,0.000885,0.011441,0.001874,0.000042,0.002650
img_05613.jpg,0.000655,0.000092,0.000001,0.000001,0.000001,0.000008,0.000000,0.999242
img_05615.jpg,0.999462,0.000007,0.000002,0.000001,0.000432,0.000006,0.000000,0.000090
img_05623.jpg,0.662442,0.008589,0.004763,0.000556,0.026898,0.038845,0.000665,0.257241
img_05640.jpg,0.980819,0.003128,0.000150,0.000359,0.007811,0.000249,0.000444,0.007039
img_05653.jpg,0.005008,0.977742,0.000064,0.000011,0.000088,0.000271,0.001768,0.015049
img_05654.jpg,0.997339,0.000074,0.000019,0.001593,0.000005,0.000959,0.000009,0.000002
img_05657.jpg,0.691659,0.000082,0.000014,0.000006,0.003634,0.000001,0.100003,0.204601
img_05672.jpg,0.012478,0.296230,0.000483,0.002618,0.000168,0.450890,0.206560,0.030573
img_05673.jpg,0.997818,0.000108,0.000054,0.000005,0.001715,0.000006,0.000014,0.000280
img_05682.jpg,0.863345,0.005470,0.002243,0.000457,0.005503,0.003559,0.000818,0.118606
img_05692.jpg,0.010182,0.003462,0.191982,0.006155,0.001144,0.033944,0.000195,0.752935
img_05718.jpg,0.000459,0.313280,0.000227,0.003017,0.000784,0.374523,0.000937,0.306772
img_05719.jpg,0.000147,0.033954,0.111429,0.000052,0.007496,0.000039,0.000001,0.846882
img_05721.jpg,0.047512,0.001391,0.104698,0.005680,0.006998,0.064512,0.000022,0.769187
img_05722.jpg,0.191584,0.019001,0.023074,0.001076,0.073337,0.057021,0.008732,0.626176
img_05724.jpg,0.972852,0.013142,0.000067,0.000019,0.000019,0.000303,0.000324,0.013274
img_05731.jpg,0.221075,0.049581,0.001204,0.001063,0.171753,0.053738,0.408369,0.093217
img_05735.jpg,0.367704,0.250807,0.001646,0.000062,0.001912,0.299165,0.000236,0.078467
img_05740.jpg,0.842753,0.013962,0.001950,0.000163,0.022700,0.113066,0.000009,0.005396
img_05743.jpg,0.735168,0.008973,0.004459,0.000532,0.009731,0.232170,0.003906,0.005060
img_05754.jpg,0.225041,0.006137,0.000133,0.000035,0.000762,0.745929,0.021511,0.000453
img_05755.jpg,0.867568,0.040338,0.001767,0.000155,0.001933,0.030809,0.000046,0.057384
img_05766.jpg,0.002360,0.015747,0.000067,0.000002,0.000019,0.000383,0.000105,0.981316
img_05768.jpg,0.462493,0.015458,0.000417,0.000029,0.000883,0.003583,0.020943,0.496193
img_05775.jpg,0.897736,0.000002,0.000000,0.000002,0.000000,0.000000,0.000000,0.102260
img_05790.jpg,0.999069,0.000001,0.000014,0.000001,0.000151,0.000001,0.000000,0.000763
img_05792.jpg,0.515256,0.014071,0.000561,0.000042,0.000643,0.461906,0.000054,0.007468
img_05794.jpg,0.894553,0.004210,0.000704,0.000159,0.040812,0.059515,0.000022,0.000025
img_05805.jpg,0.972353,0.009973,0.000012,0.000059,0.000011,0.000080,0.000000,0.017512
img_05813.jpg,0.283359,0.027184,0.011331,0.000857,0.002421,0.025221,0.001336,0.648291
img_05817.jpg,0.299355,0.158701,0.000081,0.000033,0.001336,0.004442,0.018887,0.517166
img_05824.jpg,0.006096,0.000155,0.000023,0.000000,0.993721,0.000000,0.000000,0.000004
img_05828.jpg,0.984734,0.001021,0.000447,0.000053,0.000407,0.007437,0.004944,0.000958
img_05835.jpg,0.990000,0.001343,0.001154,0.000077,0.000688,0.002385,0.000006,0.004347
img_05838.jpg,0.565235,0.088708,0.008569,0.001236,0.015678,0.010874,0.008595,0.301106
img_05857.jpg,0.471166,0.140666,0.090355,0.067511,0.073809,0.070490,0.084094,0.001910
img_05864.jpg,0.001517,0.993217,0.000360,0.000005,0.000803,0.000090,0.000081,0.003926
img_05879.jpg,0.879827,0.000068,0.000112,0.000026,0.000033,0.114159,0.001775,0.004000
img_05882.jpg,0.858664,0.066424,0.000091,0.000010,0.000027,0.003195,0.000004,0.071586
img_05896.jpg,0.652195,0.002185,0.002744,0.302006,0.005797,0.008744,0.000899,0.025431
img_05908.jpg,0.000088,0.000007,0.000001,0.000000,0.999885,0.000000,0.000001,0.000018
img_05915.jpg,0.003848,0.001516,0.020774,0.000211,0.000996,0.000987,0.000126,0.971541
img_05916.jpg,0.939725,0.003174,0.000201,0.000054,0.051046,0.001466,0.001867,0.002468
img_05922.jpg,0.550194,0.063098,0.020807,0.000588,0.004986,0.294459,0.000046,0.065822
img_05927.jpg,0.764339,0.020576,0.000072,0.000207,0.213756,0.000665,0.000325,0.000060
img_05940.jpg,0.995951,0.000082,0.000115,0.000017,0.000581,0.001184,0.000158,0.001912
img_05948.jpg,0.909398,0.000036,0.000019,0.000013,0.000046,0.085826,0.004585,0.000078
img_05950.jpg,0.999494,0.000004,0.000002,0.000001,0.000333,0.000008,0.000000,0.000157
img_05953.jpg,0.588067,0.115853,0.276902,0.000268,0.000263,0.016484,0.001985,0.000178
img_05958.jpg,0.000001,0.000021,0.000024,0.000000,0.000000,0.000028,0.000021,0.999904
img_05960.jpg,0.000035,0.003309,0.000009,0.000008,0.000002,0.000721,0.000192,0.995724
img_05963.jpg,0.996531,0.002663,0.000007,0.000058,0.000011,0.000237,0.000038,0.000455
img_05967.jpg,0.468118,0.060617,0.027112,0.001208,0.071730,0.204673,0.003364,0.163178
img_05976.jpg,0.379188,0.156152,0.000243,0.000043,0.011698,0.004990,0.076372,0.371314
img_05979.jpg,0.538680,0.000336,0.000408,0.000065,0.460195,0.000024,0.000007,0.000285
img_05981.jpg,0.394446,0.000054,0.000055,0.000023,0.605326,0.000042,0.000000,0.000053
img_05989.jpg,0.976677,0.000142,0.003095,0.000069,0.002598,0.000228,0.015531,0.001660
img_06001.jpg,0.473413,0.362758,0.000093,0.000011,0.000080,0.000112,0.000016,0.163518
img_06003.jpg,0.912541,0.022308,0.000398,0.000036,0.004489,0.000173,0.000078,0.059976
img_06010.jpg,0.995312,0.002492,0.000011,0.000003,0.000058,0.000623,0.000047,0.001454
img_06021.jpg,0.000106,0.226726,0.696632,0.000163,0.007292,0.000618,0.000118,0.068344
img_06033.jpg,0.010015,0.035623,0.150157,0.000592,0.081423,0.001523,0.001106,0.719560
img_06037.jpg,0.809755,0.000486,0.000028,0.000027,0.073517,0.000657,0.014610,0.100919
img_06038.jpg,0.000129,0.000091,0.004514,0.000097,0.000005,0.000080,0.000007,0.995078
img_06042.jpg,0.673486,0.096615,0.000578,0.000285,0.005029,0.092001,0.021936,0.110072
img_06059.jpg,0.000346,0.000185,0.000004,0.000000,0.999460,0.000000,0.000000,0.000004
img_06065.jpg,0.991723,0.001288,0.000006,0.000002,0.000001,0.000208,0.000008,0.006764
img_06067.jpg,0.000205,0.224673,0.388605,0.000166,0.000494,0.001792,0.000027,0.384037
img_06076.jpg,0.384345,0.218589,0.013759,0.001014,0.017187,0.184526,0.003878,0.176701
img_06097.jpg,0.793486,0.037501,0.000005,0.000003,0.000060,0.000919,0.000023,0.168003
img_06099.jpg,0.679711,0.132718,0.002245,0.002612,0.084841,0.001909,0.013594,0.082368
img_06101.jpg,0.002093,0.002696,0.096096,0.001162,0.000890,0.020762,0.000013,0.876289
img_06103.jpg,0.771615,0.003497,0.000100,0.000012,0.224094,0.000009,0.000221,0.000451
img_06137.jpg,0.000360,0.012901,0.018124,0.000050,0.001374,0.000674,0.000252,0.966264
img_06144.jpg,0.003088,0.001433,0.153569,0.000956,0.000192,0.040809,0.024739,0.775213
img_06147.jpg,0.640733,0.028853,0.013559,0.011289,0.011991,0.002526,0.003511,0.287538
img_06165.jpg,0.153542,0.000567,0.000631,0.000086,0.034379,0.000027,0.000036,0.810733
img_06174.jpg,0.992985,0.000212,0.000014,0.000009,0.000297,0.000003,0.000001,0.006478
img_06186.jpg,0.715000,0.028609,0.014623,0.004460,0.016911,0.110796,0.007873,0.101728
img_06189.jpg,0.684815,0.019781,0.003564,0.000567,0.184683,0.103237,0.000031,0.003323
img_06203.jpg,0.558238,0.089119,0.000731,0.000532,0.004242,0.039520,0.005674,0.301944
img_06207.jpg,0.367804,0.001503,0.001858,0.000339,0.001099,0.625819,0.000417,0.001161
img_06210.jpg,0.740411,0.092384,0.000652,0.000679,0.000505,0.044772,0.001423,0.119174
img_06211.jpg,0.938460,0.007202,0.000216,0.000204,0.000097,0.000089,0.000015,0.053718
img_06237.jpg,0.564166,0.002224,0.000252,0.000048,0.428688,0.000069,0.000022,0.004532
img_06238.jpg,0.020648,0.000037,0.000045,0.000012,0.916999,0.062197,0.000006,0.000057
img_06259.jpg,0.000017,0.000165,0.000214,0.000090,0.000002,0.000206,0.000068,0.999237
img_06261.jpg,0.511557,0.002218,0.000820,0.000016,0.000279,0.479269,0.000015,0.005825
img_06268.jpg,0.409739,0.098797,0.001636,0.000092,0.004640,0.003717,0.000637,0.480742
img_06272.jpg,0.000079,0.000001,0.000001,0.000000,0.999865,0.000012,0.000036,0.000006
img_06273.jpg,0.908612,0.086071,0.000048,0.000004,0.000012,0.005129,0.000019,0.000105
img_06285.jpg,0.001640,0.005274,0.050237,0.000406,0.060304,0.002122,0.001688,0.878330
img_06294.jpg,0.998211,0.000185,0.000216,0.000015,0.000066,0.000306,0.000104,0.000899
img_06302.jpg,0.476606,0.024826,0.001129,0.071030,0.010599,0.005096,0.000042,0.410672
img_06311.jpg,0.865969,0.005420,0.000854,0.000040,0.008404,0.111015,0.000024,0.008273
img_06318.jpg,0.358027,0.002814,0.001875,0.000377,0.002576,0.212115,0.412446,0.009769
img_06321.jpg,0.105756,0.001000,0.000002,0.000002,0.000016,0.000041,0.000044,0.893139
img_06324.jpg,0.882116,0.003726,0.001232,0.000350,0.013801,0.052863,0.040655,0.005258
img_06332.jpg,0.162702,0.001903,0.000332,0.000169,0.004848,0.004228,0.005731,0.820086
img_06345.jpg,0.194896,0.022128,0.002232,0.001256,0.002278,0.541852,0.056947,0.178411
img_06346.jpg,0.043069,0.000028,0.000025,0.000033,0.016105,0.884099,0.056333,0.000307
img_06349.jpg,0.001470,0.036405,0.012931,0.000857,0.131848,0.007363,0.012722,0.796406
img_06368.jpg,0.541806,0.003544,0.003074,0.000071,0.317456,0.127235,0.000054,0.006761
img_06369.jpg,0.087403,0.001971,0.081609,0.000475,0.522807,0.051501,0.003615,0.250619
img_06371.jpg,0.030676,0.730582,0.000538,0.002859,0.001018,0.005254,0.051402,0.177672
img_06373.jpg,0.005066,0.000375,0.371286,0.001315,0.001117,0.343615,0.000030,0.277197
img_06401.jpg,0.333880,0.005420,0.023466,0.000816,0.327224,0.002288,0.002766,0.304139
img_06412.jpg,0.907415,0.001238,0.000108,0.000029,0.000337,0.006247,0.000416,0.084211
img_06424.jpg,0.939788,0.000059,0.000336,0.000268,0.045256,0.012306,0.001294,0.000694
img_06426.jpg,0.746668,0.144956,0.003243,0.000098,0.014121,0.031103,0.000332,0.059479
img_06440.jpg,0.083247,0.000329,0.000051,0.000030,0.002803,0.783377,0.127670,0.002494
img_06455.jpg,0.225165,0.062167,0.000385,0.000080,0.000561,0.000188,0.000044,0.711410
img_06469.jpg,0.693192,0.006244,0.006248,0.000155,0.012507,0.212108,0.000098,0.069447
img_06475.jpg,0.385127,0.005858,0.000125,0.000025,0.000698,0.004693,0.000890,0.602584
img_06477.jpg,0.001129,0.002456,0.000490,0.000021,0.000018,0.001664,0.000463,0.993759
img_06489.jpg,0.721701,0.163453,0.001111,0.000142,0.011647,0.000214,0.001495,0.100238
img_06496.jpg,0.996529,0.000108,0.000030,0.000043,0.000010,0.002899,0.000005,0.000376
img_06506.jpg,0.964205,0.000087,0.001046,0.000010,0.001675,0.000023,0.000024,0.032929
img_06508.jpg,0.324767,0.085395,0.029426,0.004153,0.274298,0.254223,0.026013,0.001724
img_06510.jpg,0.958925,0.001491,0.000202,0.000076,0.033020,0.000509,0.000074,0.005703
img_06521.jpg,0.450988,0.377695,0.000017,0.000004,0.000384,0.012717,0.000005,0.158190
img_06522.jpg,0.977477,0.001847,0.000069,0.000042,0.000099,0.000298,0.000145,0.020023
img_06525.jpg,0.111836,0.031835,0.631245,0.001926,0.002333,0.217958,0.001833,0.001035
img_06541.jpg,0.763833,0.003169,0.003867,0.001223,0.007175,0.205815,0.013690,0.001227
img_06547.jpg,0.646723,0.246127,0.000146,0.000058,0.006165,0.003969,0.092004,0.004808
img_06549.jpg,0.884894,0.010644,0.001254,0.000044,0.000148,0.001787,0.000222,0.101007
img_06555.jpg,0.922695,0.000448,0.050872,0.007206,0.017869,0.000766,0.000007,0.000135
img_06559.jpg,0.008283,0.000093,0.000081,0.000011,0.989962,0.000001,0.000010,0.001560
img_06564.jpg,0.261003,0.005915,0.001526,0.597889,0.009367,0.072626,0.001645,0.050027
img_06571.jpg,0.946573,0.004969,0.000443,0.042769,0.000489,0.002037,0.000003,0.002716
img_06585.jpg,0.364816,0.006055,0.004345,0.001202,0.393921,0.001394,0.010022,0.218245
img_06608.jpg,0.950551,0.012071,0.000547,0.000215,0.022664,0.000879,0.000290,0.012783
img_06611.jpg,0.000761,0.023539,0.018881,0.000054,0.133007,0.000010,0.000003,0.823745
img_06614.jpg,0.085499,0.000167,0.005100,0.815778,0.000501,0.089240,0.000366,0.003349
img_06616.jpg,0.582437,0.001602,0.000366,0.000307,0.004186,0.394523,0.002182,0.014396
img_06630.jpg,0.000173,0.003747,0.000054,0.000030,0.000008,0.000679,0.000475,0.994835
img_06637.jpg,0.002927,0.000038,0.000007,0.000002,0.996802,0.000004,0.000002,0.000219
img_06642.jpg,0.000502,0.000219,0.000001,0.000001,0.000001,0.000017,0.000001,0.999259
img_06646.jpg,0.466582,0.000435,0.000003,0.000005,0.130232,0.000000,0.000001,0.402742
img_06658.jpg,0.678294,0.073615,0.000386,0.000063,0.001644,0.005973,0.031322,0.208703
img_06662.jpg,0.138590,0.000099,0.001237,0.000360,0.656889,0.002670,0.000011,0.200143
img_06663.jpg,0.005375,0.001415,0.002041,0.945752,0.001900,0.042416,0.000796,0.000306
img_06673.jpg,0.691677,0.000091,0.000648,0.000208,0.010341,0.000585,0.283838,0.012612
img_06681.jpg,0.260124,0.000201,0.003026,0.691246,0.028670,0.010139,0.004843,0.001751
img_06684.jpg,0.925620,0.045266,0.000177,0.000004,0.000031,0.022744,0.000078,0.006081
img_06685.jpg,0.001570,0.011601,0.000217,0.000069,0.222591,0.000986,0.000018,0.762948
img_06690.jpg,0.079373,0.001851,0.057712,0.063741,0.006931,0.022121,0.000018,0.768253
img_06698.jpg,0.950953,0.019603,0.000564,0.000531,0.002352,0.014956,0.001083,0.009958
img_06732.jpg,0.996065,0.000192,0.000035,0.000037,0.003160,0.000043,0.000220,0.000247
img_06734.jpg,0.484306,0.000063,0.000022,0.000020,0.000002,0.100169,0.000025,0.415394
img_06748.jpg,0.000011,0.010830,0.001195,0.000008,0.000034,0.000041,0.000036,0.987845
img_06756.jpg,0.953670,0.000201,0.000169,0.000203,0.021543,0.023630,0.000007,0.000577
img_06780.jpg,0.787597,0.072787,0.000043,0.000042,0.000056,0.002091,0.000119,0.137265
img_06783.jpg,0.667911,0.094736,0.000070,0.000013,0.000088,0.000283,0.000014,0.236885
img_06798.jpg,0.981491,0.000757,0.000055,0.000016,0.000171,0.000005,0.000007,0.017499
img_06800.jpg,0.505252,0.014744,0.076034,0.004085,0.391600,0.001306,0.000973,0.006007
img_06806.jpg,0.601163,0.120241,0.023201,0.009944,0.142862,0.010947,0.001569,0.090073
img_06807.jpg,0.189097,0.000306,0.000130,0.000084,0.602849,0.000275,0.006708,0.200551
img_06808.jpg,0.445511,0.070505,0.001088,0.000043,0.002058,0.000838,0.000005,0.479952
img_06812.jpg,0.931980,0.000026,0.000220,0.000006,0.049689,0.000060,0.000012,0.018007
img_06831.jpg,0.530442,0.072016,0.002404,0.001376,0.001518,0.055515,0.255847,0.080881
img_06832.jpg,0.163800,0.012216,0.014588,0.067621,0.012732,0.193744,0.000074,0.535223
img_06845.jpg,0.297435,0.000821,0.012513,0.001430,0.005823,0.000611,0.004151,0.677217
img_06849.jpg,0.059732,0.008521,0.000017,0.000024,0.000041,0.000221,0.000149,0.931296
img_06851.jpg,0.220896,0.041569,0.000676,0.000137,0.001885,0.480790,0.215931,0.038116
img_06859.jpg,0.520477,0.022755,0.003002,0.000100,0.231775,0.212346,0.000094,0.009451
img_06860.jpg,0.363852,0.008427,0.000545,0.000319,0.617407,0.002663,0.005643,0.001143
img_06870.jpg,0.461062,0.089438,0.007941,0.006909,0.009272,0.034070,0.304380,0.086928
img_06892.jpg,0.998947,0.000020,0.000035,0.000001,0.000006,0.000003,0.000001,0.000987
img_06893.jpg,0.274416,0.012871,0.001577,0.000054,0.024961,0.633655,0.000295,0.052171
img_06899.jpg,0.404449,0.001983,0.049555,0.000333,0.070815,0.000605,0.045550,0.426710
img_06902.jpg,0.216557,0.003130,0.084830,0.000592,0.513588,0.004575,0.000113,0.176615
img_06909.jpg,0.718469,0.004613,0.002363,0.000077,0.001542,0.126047,0.000040,0.146849
img_06914.jpg,0.028004,0.005236,0.004267,0.000948,0.876993,0.014547,0.048054,0.021951
img_06916.jpg,0.718223,0.008553,0.008708,0.000535,0.005592,0.242984,0.000025,0.015381
img_06921.jpg,0.738873,0.000000,0.000001,0.000015,0.261072,0.000027,0.000011,0.000001
img_06922.jpg,0.613830,0.035913,0.000213,0.000132,0.000127,0.126164,0.011277,0.212344
img_06936.jpg,0.990693,0.007666,0.000076,0.000008,0.000247,0.001150,0.000116,0.000043
img_06939.jpg,0.909868,0.030259,0.000612,0.000047,0.000656,0.016553,0.016048,0.025956
img_06946.jpg,0.172897,0.012720,0.000001,0.000002,0.000012,0.000095,0.000000,0.814273
img_06947.jpg,0.000002,0.000000,0.000000,0.000000,0.999992,0.000000,0.000000,0.000005
img_06955.jpg,0.500425,0.039762,0.231943,0.001477,0.046286,0.093087,0.011708,0.075313
img_06959.jpg,0.879568,0.000541,0.000125,0.000162,0.000386,0.000031,0.100017,0.019171
img_06962.jpg,0.923499,0.009227,0.000103,0.000022,0.000455,0.001470,0.000375,0.064849
img_06966.jpg,0.534056,0.000680,0.000024,0.000010,0.000044,0.002177,0.000856,0.462153
img_06975.jpg,0.900630,0.007744,0.003855,0.000247,0.004105,0.066305,0.002919,0.014195
img_06985.jpg,0.979349,0.000289,0.001060,0.000007,0.000051,0.000019,0.000012,0.019213
img_06986.jpg,0.774985,0.029462,0.012378,0.000630,0.001008,0.077571,0.000915,0.103051
img_07005.jpg,0.989859,0.001114,0.002879,0.000437,0.000170,0.005473,0.000055,0.000012
img_07023.jpg,0.999291,0.000006,0.000020,0.000005,0.000135,0.000058,0.000034,0.000452
img_07043.jpg,0.000104,0.000000,0.000062,0.000012,0.999739,0.000011,0.000018,0.000054
img_07044.jpg,0.511393,0.001661,0.151873,0.002014,0.046620,0.001198,0.002220,0.283021
img_07045.jpg,0.929682,0.002316,0.000178,0.000012,0.066288,0.000003,0.000004,0.001517
img_07050.jpg,0.000784,0.000064,0.000253,0.995357,0.000333,0.003132,0.000072,0.000005
img_07051.jpg,0.417411,0.350350,0.000315,0.000042,0.000075,0.004373,0.117177,0.110257
img_07054.jpg,0.052624,0.841173,0.017909,0.000068,0.000389,0.068081,0.000688,0.019069
img_07060.jpg,0.002275,0.069402,0.000030,0.000012,0.000009,0.037497,0.000313,0.890462
img_07062.jpg,0.000031,0.000001,0.000009,0.000000,0.999887,0.000014,0.000000,0.000058
img_07065.jpg,0.009341,0.010286,0.002679,0.030713,0.000915,0.836998,0.004561,0.104507
img_07068.jpg,0.204365,0.016550,0.005995,0.000573,0.000490,0.118926,0.002893,0.650208
img_07079.jpg,0.000019,0.000004,0.000003,0.000000,0.999924,0.000001,0.000002,0.000047
img_07084.jpg,0.064813,0.000461,0.005189,0.000731,0.027516,0.001809,0.079960,0.819521
img_07086.jpg,0.996229,0.001117,0.000003,0.000001,0.000016,0.000084,0.000001,0.002549
img_07094.jpg,0.992113,0.000214,0.000084,0.000068,0.000755,0.000048,0.004934,0.001784
img_07103.jpg,0.995966,0.000911,0.000029,0.000007,0.001932,0.000996,0.000055,0.000103
img_07110.jpg,0.899177,0.000019,0.000104,0.000007,0.000458,0.000015,0.000001,0.100220
img_07120.jpg,0.566399,0.035348,0.008090,0.004748,0.031119,0.010969,0.007596,0.335730
img_07122.jpg,0.980640,0.000105,0.000059,0.000442,0.000071,0.018513,0.000013,0.000158
img_07137.jpg,0.543519,0.000142,0.000059,0.000071,0.151289,0.000027,0.000000,0.304893
img_07143.jpg,0.000000,0.000000,0.000000,0.000000,0.999997,0.000003,0.000000,0.000000
img_07146.jpg,0.131540,0.067724,0.000883,0.000721,0.698977,0.012010,0.059484,0.028661
img_07147.jpg,0.000451,0.001710,0.000119,0.000026,0.985651,0.000198,0.000064,0.011781
img_07149.jpg,0.385535,0.014385,0.000000,0.000001,0.000039,0.000017,0.100021,0.500003
img_07156.jpg,0.988965,0.000020,0.000155,0.000020,0.000018,0.008763,0.000886,0.001175
img_07157.jpg,0.902265,0.058044,0.002989,0.007524,0.002640,0.012314,0.000241,0.013983
img_07160.jpg,0.005049,0.000222,0.000551,0.000154,0.379377,0.612578,0.000029,0.002040
img_07173.jpg,0.506658,0.006191,0.000634,0.000270,0.000627,0.260250,0.001890,0.223480
img_07179.jpg,0.000475,0.000012,0.000010,0.000006,0.998842,0.000332,0.000098,0.000226
img_07183.jpg,0.050769,0.043378,0.005020,0.009482,0.002683,0.800423,0.011256,0.076989
img_07187.jpg,0.998392,0.000290,0.000052,0.000011,0.000075,0.000048,0.000247,0.000886
img_07188.jpg,0.958322,0.000001,0.000144,0.000035,0.040783,0.000000,0.000142,0.000572
img_07191.jpg,0.636582,0.038199,0.014238,0.000137,0.196856,0.094960,0.000165,0.018864
img_07192.jpg,0.894411,0.000276,0.001082,0.000037,0.077808,0.000151,0.000003,0.026231
img_07199.jpg,0.718928,0.086802,0.019677,0.019817,0.146745,0.007651,0.000093,0.000288
img_07213.jpg,0.653155,0.008992,0.084306,0.000137,0.101873,0.134289,0.000112,0.017137
img_07224.jpg,0.000001,0.000003,0.000000,0.000000,0.999994,0.000000,0.000000,0.000002
img_07231.jpg,0.389925,0.023687,0.015194,0.001983,0.004711,0.102514,0.394358,0.067628
img_07237.jpg,0.994720,0.000868,0.000052,0.000017,0.001061,0.000006,0.000011,0.003264
img_07251.jpg,0.316680,0.080096,0.000205,0.000110,0.001858,0.009937,0.080151,0.510965
img_07270.jpg,0.003520,0.003923,0.000588,0.000190,0.516298,0.002254,0.000189,0.473037
img_07278.jpg,0.999429,0.000018,0.000005,0.000001,0.000041,0.000465,0.000032,0.000009
img_07304.jpg,0.994661,0.000081,0.000914,0.000065,0.001873,0.001643,0.000467,0.000296
img_07314.jpg,0.000107,0.002177,0.013934,0.000160,0.000058,0.000141,0.000055,0.983369
img_07318.jpg,0.000094,0.000574,0.000014,0.000003,0.000015,0.001077,0.000013,0.998209
img_07319.jpg,0.575910,0.289028,0.000046,0.000028,0.033684,0.002377,0.000026,0.098900
img_07330.jpg,0.993432,0.001999,0.000015,0.000005,0.000011,0.000090,0.000074,0.004373
img_07348.jpg,0.094450,0.000012,0.000017,0.000015,0.903568,0.000404,0.000006,0.001529
img_07352.jpg,0.998072,0.000058,0.000015,0.000004,0.000597,0.000007,0.000098,0.001148
img_07354.jpg,0.879034,0.001943,0.000264,0.000052,0.011257,0.000558,0.101610,0.005282
img_07371.jpg,0.005680,0.009462,0.052975,0.000533,0.001483,0.012293,0.000642,0.916930
img_07375.jpg,0.895106,0.028582,0.000568,0.000095,0.001175,0.068315,0.000666,0.005494
img_07409.jpg,0.960833,0.000266,0.004640,0.000066,0.000429,0.002452,0.000158,0.031156
img_07417.jpg,0.000714,0.000474,0.000714,0.000392,0.000056,0.000585,0.000127,0.996937
img_07419.jpg,0.000191,0.000026,0.000096,0.000016,0.000017,0.000122,0.000404,0.999128
img_07420.jpg,0.634427,0.007350,0.020564,0.045042,0.203827,0.053673,0.033938,0.001179
img_07426.jpg,0.594382,0.005569,0.284059,0.030570,0.000519,0.017089,0.000295,0.067517
img_07428.jpg,0.827942,0.056650,0.001034,0.000066,0.001607,0.011520,0.000021,0.101159
img_07434.jpg,0.005611,0.000070,0.000005,0.000103,0.994205,0.000000,0.000001,0.000006
img_07436.jpg,0.112950,0.024155,0.000267,0.000080,0.000963,0.705042,0.127792,0.028753
img_07448.jpg,0.864393,0.001082,0.045295,0.030130,0.052366,0.002164,0.000184,0.004386
img_07460.jpg,0.879583,0.034995,0.001624,0.000217,0.082118,0.000313,0.000065,0.001085
img_07467.jpg,0.995191,0.004059,0.000009,0.000001,0.000164,0.000551,0.000003,0.000024
img_07469.jpg,0.015521,0.000688,0.059396,0.000718,0.000865,0.014477,0.000003,0.908333
img_07474.jpg,0.863132,0.003440,0.022070,0.000442,0.001630,0.005030,0.000924,0.103333
img_07501.jpg,0.430112,0.003265,0.000071,0.000433,0.563693,0.000025,0.000017,0.002385
img_07505.jpg,0.924388,0.001555,0.021900,0.000192,0.049811,0.001080,0.000390,0.000683
img_07508.jpg,0.129959,0.002927,0.000390,0.000286,0.125193,0.003735,0.103123,0.634387
img_07514.jpg,0.555961,0.010971,0.003453,0.002474,0.150704,0.161509,0.027334,0.087594
img_07526.jpg,0.066400,0.036674,0.213048,0.001063,0.009429,0.143267,0.002542,0.527577
img_07528.jpg,0.968031,0.000040,0.000104,0.000014,0.000303,0.000937,0.000143,0.030427
img_07538.jpg,0.949029,0.030217,0.000099,0.000049,0.000704,0.004120,0.006002,0.009781
img_07543.jpg,0.000005,0.000005,0.000000,0.000000,0.999990,0.000001,0.000000,0.000000
img_07553.jpg,0.941886,0.000098,0.000005,0.000008,0.056855,0.000029,0.001044,0.000075
img_07561.jpg,0.894626,0.000948,0.000031,0.000006,0.000234,0.000017,0.000006,0.104133
img_07563.jpg,0.261243,0.014914,0.003554,0.000671,0.000346,0.156821,0.005333,0.557118
img_07574.jpg,0.919937,0.000027,0.000292,0.000244,0.041844,0.035102,0.001888,0.000666
img_07578.jpg,0.002797,0.013152,0.003905,0.000008,0.000219,0.000011,0.000001,0.979907
img_07580.jpg,0.025557,0.158775,0.001124,0.008434,0.001262,0.625650,0.005902,0.173297
img_07583.jpg,0.310264,0.584574,0.000307,0.000038,0.007320,0.000929,0.092477,0.004093
img_07590.jpg,0.414661,0.070133,0.034270,0.003364,0.005671,0.122986,0.246397,0.102518
img_07594.jpg,0.942630,0.023168,0.000062,0.000043,0.000098,0.006425,0.000083,0.027491
img_07616.jpg,0.966324,0.001012,0.000507,0.000008,0.000226,0.000002,0.000074,0.031848
img_07621.jpg,0.149844,0.013261,0.000013,0.000011,0.000010,0.000728,0.000001,0.836133
img_07623.jpg,0.670699,0.041871,0.001529,0.000454,0.031757,0.011946,0.001046,0.240697
img_07628.jpg,0.009650,0.005166,0.001351,0.000452,0.557588,0.002809,0.000189,0.422796
img_07659.jpg,0.644761,0.058492,0.000269,0.000132,0.007503,0.017404,0.238833,0.032607
img_07663.jpg,0.630150,0.180379,0.002262,0.001129,0.000500,0.002165,0.064991,0.118423
img_07678.jpg,0.000017,0.000000,0.000009,0.999973,0.000001,0.000001,0.000000,0.000000
img_07689.jpg,0.133373,0.000126,0.001038,0.735121,0.001383,0.028864,0.000050,0.100046
img_07700.jpg,0.471156,0.007214,0.054728,0.000082,0.275316,0.189905,0.000054,0.001545
img_07717.jpg,0.854733,0.001661,0.002980,0.036348,0.050334,0.050177,0.003498,0.000270
img_07746.jpg,0.938897,0.000086,0.000029,0.000014,0.000014,0.051259,0.008529,0.001171
img_07757.jpg,0.823115,0.000790,0.000023,0.000038,0.043711,0.000009,0.000020,0.132294
img_07792.jpg,0.744356,0.077725,0.000493,0.000135,0.000106,0.048567,0.000197,0.128421
img_07799.jpg,0.996628,0.000091,0.002503,0.000041,0.000254,0.000045,0.000087,0.000351
img_07818.jpg,0.992368,0.003119,0.000039,0.000008,0.003317,0.000879,0.000094,0.000176
img_07833.jpg,0.998637,0.000794,0.000009,0.000004,0.000091,0.000040,0.000056,0.000367
img_07859.jpg,0.001881,0.053960,0.006159,0.000327,0.417211,0.003296,0.001413,0.515753
img_07872.jpg,0.536300,0.000601,0.000108,0.000027,0.003305,0.000140,0.004162,0.455358
img_07893.jpg,0.639177,0.054219,0.000238,0.000034,0.004225,0.003887,0.003747,0.294473
img_07895.jpg,0.999812,0.000006,0.000000,0.000000,0.000121,0.000000,0.000000,0.000060
img_07905.jpg,0.988105,0.001012,0.000334,0.000030,0.002331,0.007818,0.000256,0.000113
img_07906.jpg,0.000037,0.000275,0.001651,0.000023,0.000079,0.000391,0.000242,0.997301
img_07908.jpg,0.983721,0.000078,0.000487,0.000326,0.007725,0.005122,0.000816,0.001725
img_07910.jpg,0.999414,0.000011,0.000001,0.000000,0.000198,0.000000,0.000000,0.000375
img_07921.jpg,0.006013,0.280813,0.000734,0.001511,0.000391,0.518411,0.154615,0.037512
